41.36,42.54,44.03,54.54,61.31,73.86,86.36,97.94,99.78,113.18,150.44,178.94,200.48,214.77,234.2,257.36,250.37,311.74,333.38,341.88,475.43,413.49,358.18,428.94,444.74,424.33,545.52,526.85,571.69,474.16,518.32,453.74,343.8,609.85,564.85,533.77,502.99,387.93,405.29,390.36,415.43,434.98,364.98,489.29,379.64,260.8,303.38,265.26,234.61,239.72,230.55,236.93,173,154.8,110.65,76.58,94.37,80.92,71.55,57.6,68,48.48,35.22,40
40.8,35.14,32.8,52.73,62.82,79.84,81.56,131.52,127.79,97.99,146.38,156.82,166.26,164.5,275.15,319.05,303.31,325.47,288.42,348.74,282.93,361.9,424.47,396.01,579.83,514.99,521.28,471.5,503.63,439.66,317.36,554.68,528.7,577.02,499.79,670.86,531.63,380.47,482.35,425.44,371.53,287.83,482.79,414.91,387.87,333.38,317.71,289.52,182.02,231.9,194,167.75,174.98,165.25,154.7,111.81,96.62,69.41,54.82,52.14,56.14,46.97,40.9,55.36
52.24,43.04,52.22,56.75,62.59,68.96,67.65,100.38,130.41,136.22,157.41,150.22,143.94,222.25,218.56,256.86,271.32,235.89,361.65,269.8,333.24,367.29,373.54,548.84,482.46,403.47,482.11,475.31,462.8,580.62,492.46,606.65,524.7,537.23,493.87,376.26,563.12,492.37,535.85,482.46,383.35,339.58,374.22,376.99,346,329.53,240.07,308.27,195.17,223.16,198.15,163.66,218.55,135.63,126.85,93.65,91.93,74.85,79.84,63.52,52.43,46.52,40.57,38.48
40.96,36.78,45.45,46.6,56.2,71.14,77.89,81.99,114.88,114.7,133.31,164.74,175.56,181.54,256.75,222.47,250.37,282.47,298.7,283.53,399.6,348.04,360.6,397.7,413.16,366.3,491.43,448.59,426.82,470.21,473.55,405.77,507.71,486.49,422.9,474.46,459.09,373.01,444.27,433.34,363.08,411.54,376.53,290.22,356.3,303.84,250.82,274.08,244.72,186.35,222.66,167.37,146.58,139.7,122.29,92.56,112.38,63.33,62.98,51.21,47.51,50.98,49.04,32.48
38.4,39.33,47.77,52.83,61.78,70.32,75.01,81.61,121,135.46,152.77,172.66,177.42,186.52,261.35,276.07,297.24,314.13,314.76,326.78,407.62,434.28,430.13,435.7,435.97,504.11,503.56,546.9,475.43,504.72,486.49,622.64,516.7,531.26,483.03,481.27,454.32,596.81,474.19,409.65,422.19,379.2,369.6,370.43,365.22,263.37,304.57,260.29,257.87,186.35,229.72,147.66,164.41,147.83,135.21,92.12,93.81,71.97,68.01,62.24,54.84,38.95,36.04,39.52
40.8,41.97,45.1,51.02,59.8,70.05,81.88,94.75,107.87,120.77,149.57,171.67,192.29,210.61,214.88,241.69,270.22,308.15,333.38,346.68,337.62,316.47,422.86,439.08,464.04,471.47,461.59,500.13,529.88,565.84,531.26,543.69,517.7,618.8,525.42,480.3,476.27,450.4,435.21,381.58,435.7,345.24,380.38,374.8,356.98,302.55,257.99,327.57,265.96,273.77,235.95,200.11,196.44,156.25,144.07,101.97,93.25,75.97,66.24,59.11,42.59,43.4,37.52,40
42.08,43.45,46.25,48.61,54.23,73.72,85.08,98.69,113.56,125.33,152.48,176.96,199.73,212.69,239.72,253.82,324.26,311.14,326.32,354.24,373.35,383.46,454.39,439.08,408.78,455.15,466.26,470.54,444.32,504.72,453.66,508.71,502.71,505.39,453.46,435.57,499.18,469.05,495.05,464.92,409.52,360.6,431.2,390.85,380.32,341.74,302.18,267.46,278.6,258.59,219.34,197.87,168.37,159.45,134.7,123.85,95.5,85.08,68.69,70.02,52.13,49.82,41.14,41.68
41.04,40.65,45.54,51.32,57.83,76.58,81.88,87.81,118.16,131.41,146.67,173.99,190.06,188.18,244.78,270,274.63,294.42,326.32,310.3,382.83,411.18,401.84,383.35,445.62,417.07,471.85,505.86,483.21,446.56,454.65,513.71,502.71,535.24,505.7,441.41,372.23,521.28,478.73,478.08,446.67,376.77,291.83,411.26,377.58,348.16,322.49,259.19,192.64,256.75,229.72,202.71,179.6,139.7,101.02,121.88,108.82,86.52,74.95,56.43,39.37,49.46,47.89,43.28
41.2,41.64,43.05,47.71,60.03,71.95,84.44,96.81,101.31,125.08,138.24,177.62,194.53,212.69,223.16,263.94,244.85,308.15,330.17,342.57,406.16,410.41,349.28,423.88,440.36,436.11,563.24,505.86,442.38,500.77,499.42,475.73,626.64,517.33,461.34,499.74,482.95,446.67,579.37,451.76,406.14,413.15,385,347.82,424.26,335.95,281.28,285.11,252.31,220.86,263.37,194.9,161.11,149.86,127.86,106.34,117.64,82.04,72.91,60.5,52.83,44.11,49.21,42.96
39.84,42.29,45.99,51.32,57.6,77.26,86.04,99.81,111.59,134.19,147.54,154.51,173.7,200.64,226.84,274.05,289.52,298,371.93,374.14,392.31,391.16,414.77,417.97,406.15,410.73,455.07,464.82,549.33,522.46,498.43,601.66,555.68,537.23,500.77,489.05,471.5,426.16,434.3,399.13,402.77,431.75,401.17,347.1,347.37,349.44,345.18,288.97,286.69,236.96,242.6,202.34,154.84,140.86,113.43,105.03,85.55,65.89,68.01,55.74,60.46,46.88,41.14,42.4
38.64,39.58,46.79,51.32,54.11,66.38,89.4,109.57,126.91,143.06,158.86,209.31,196.01,212.69,216.26,249.27,259.74,265.16,312.83,283.53,363.14,354.97,405.07,380.81,369.3,514.09,497.03,591.76,536.69,523.45,623.78,548.69,548.69,476.54,520.49,483.21,511.58,483.04,417.98,407.02,385.04,368.69,343.42,347.1,297.94,339.81,307.56,292.28,236.63,204.75,230.14,200.48,200.73,164.38,129.64,117.28,108.26,84.12,70.05,59.34,49.01,53.83,39,39.28
43.2,44.76,43.4,46.7,56.67,86.64,77.09,97.75,101.09,115.71,145.8,165.4,172.58,210.2,207.51,268.49,306.06,271.73,323.75,319.91,368.24,468.16,451.96,394.32,414.04,482.35,525.01,495.36,483.21,471.2,564.09,575.67,470.73,456.64,494.86,504.6,448.59,411.24,457.87,479.83,460.18,422.05,366.52,375.53,372.09,322.46,285.46,276.84,259.39,265.03,192.34,167.75,173.66,158.57,132.67,106.12,102.44,86.36,63.38,55.04,53.33,46.79,38.02,37.2
40.56,42.46,43.85,53.63,59.57,69.1,84.92,96.62,112.69,123.81,153.64,170.68,187.09,218.09,233.28,261.91,270.22,306.96,319.9,341.19,382.1,389.62,420.43,413.74,457.9,449.71,469.05,494.4,493.91,514.57,490.47,539.69,503.71,520.31,495.85,504.6,499.18,467.19,456.97,433.34,444.14,407.5,403.48,368.97,352.86,314.11,312.93,281.25,261.41,232.82,214.35,192.29,165.07,144.34,126.85,112.47,94.37,82.52,69.78,59.45,49.92,46.08,40.9,41.28
40.32,41.97,45.54,50.92,59.22,69.91,82.04,95.69,111.81,128.88,148.7,169.36,190.81,212.28,234.2,254.83,284.01,304.57,328.89,351.49,374.8,392.7,412.35,428.94,448.25,463.31,478.38,488.68,497.8,500.77,503.4,512.71,510.71,509.37,504.72,498.77,488.68,474.65,459.69,448.25,431.48,414.77,395.01,374.08,351.49,326.32,303.97,282.35,258.88,236.04,213.11,190.43,168.7,147.54,129.38,111.81,96.25,81.88,69.64,59.45,51.32,45.36,42.05,41.04
41.04,42.46,45.54,48.91,59.34,71,83,96.25,107.44,136.22,151.6,176.3,198.99,215.18,211.66,232.08,283.45,325.47,335.31,340.51,432.41,417.34,388.09,409.52,438.6,417.98,365.55,531.63,541.55,557.95,502.41,627.64,559.68,424.81,512.6,483.21,437.14,320.78,492.33,507.02,440.76,405.88,421.19,464.5,267.74,341.74,300.39,258.64,183.54,248.93,244.68,190.43,165.07,148.7,162.3,83.59,99.81,80.13,64.61,45.29,54.14,55.43,42.71,41.12
39.44,46.16,47.77,53.33,62.12,70.46,74.69,82.37,116.19,143.31,157.7,171.67,193.78,219.34,198.77,259.39,277.94,282.47,415.61,372.77,407.62,390.39,431.75,404.46,312.28,509.55,526.87,502.99,499.74,396.28,532.25,412.76,466.73,495.44,456.41,707.8,534.49,462.53,511.37,459.65,414.59,434.18,404.25,441.89,370.71,350.73,275.91,181.98,273.54,215.34,210.61,175.56,182.9,176,104.06,114,94.75,75.49,65.56,61.08,65.08,49.11,46.49,35.52
41.04,42.46,46.34,50.92,57.02,72.23,84.12,99.81,115.97,127.1,164.38,175.97,178.53,194.41,221.32,206.29,226.65,285.46,329.53,356.98,337.62,340.34,456.82,521.82,457.9,460.59,654.62,548.81,525.99,567.81,531.26,415.76,506.71,373.07,415.01,460.85,398.96,355.29,482.35,531.59,449.21,427.71,534.38,433.87,393.37,387.99,323.68,270.77,270.51,169.78,184.44,172.95,131.73,89.74,125.84,103.5,93.06,73.89,74.4,65.96,64.08,52.76,46.49,55.84
39.28,46,45.01,49.72,59.8,68.28,72.45,87.81,126.25,143.81,159.15,175.31,159.94,204.8,187.73,285.68,296.14,281.28,399.55,393.37,402.51,351.89,399.41,383.35,313.16,495.05,506.36,521.13,506.55,541.19,519.32,405.77,489.72,520.31,446.56,599.88,544.03,534.33,474.19,456.15,390.1,279.75,448.91,390.85,379.64,345.59,262.77,292.83,188.6,224.08,213.52,170.35,184.88,174.26,145.84,124.5,98.13,67.49,63.93,45.05,54.14,45.63,38.35,55.04
41.04,42.46,45.81,51.42,58.29,68.55,81.72,96.06,112.25,126.34,139.12,162.1,181.51,212.28,235.12,253.32,306.62,310.54,298.05,350.12,371.16,374.22,511.79,443.3,427.2,462.41,468.12,460.04,606.69,520.49,539.22,526.7,523.7,481.51,515.56,541.55,584.12,525.94,495.95,434.22,363.08,464.9,453.53,410.54,373.46,305.76,228.73,304.96,247.25,243.4,213.94,168.49,157.15,135.05,122.8,106.78,92.31,83.96,78.48,44.36,49.21,42.33,36.95,52.32
41.92,43.53,47.14,52.23,56.55,73.72,86.68,103.38,118.6,128.88,167.29,166.39,175.19,194.83,218.1,207.31,269.12,277.1,353.94,366.59,317.2,304.15,445.5,496.49,487.73,427.95,391.66,585.08,563.91,584.56,490.47,583.67,549.69,547.17,440.64,447.24,636.62,461.59,431.58,394.74,410.37,341.2,407.33,291.68,387.87,330.82,259.18,233.82,252.31,247.55,228.89,169.98,128.1,173.68,136.98,126.04,88.93,92.12,74.67,71.07,47.81,45.1,55.38,41.84
40.88,41.14,41.35,48.81,58.76,70.73,81.08,91,131.94,133.94,145.8,167.71,183.37,187.77,193.25,271.01,318.2,324.28,331.46,435.93,380.64,363.44,382.43,430.63,403.51,367.21,580.96,542.13,560.99,512.6,584.98,513.71,406.77,512.35,488.94,432.66,417.09,570.7,522.25,493.87,430.63,363.03,392.7,271.26,361.79,321.82,277.7,304.41,291.75,274.69,213.11,192.67,137.01,133.89,106.85,116.19,97.75,75.97,82.15,62.94,54.54,45.1,42.05,35.92
41.28,41.72,46.88,51.32,51.67,60.66,85.56,108.07,118.6,128.37,181.23,179.93,187.09,199.4,223.16,206.8,254.78,274.71,371.93,369.34,353.66,420.42,466.52,484.67,428.95,448.81,449.47,482,366.54,541.19,507.38,434.75,374.79,623.78,556.96,563.91,476.27,638.77,482.35,441.23,385.88,407.5,300.3,341.99,260.19,348.16,317.71,250.37,229.05,284.36,243.02,196.01,165.07,182.1,128.62,96.06,100.19,80.6,58.9,48.89,48.41,48.04,44.19,37.68
41.44,42.46,45.99,51.72,59.69,69.51,82.84,96.81,113.56,130.9,150.15,170.68,192.29,213.52,239.26,266.46,291.18,308.75,323.11,351.49,388.66,397.32,405.88,428.94,437.72,474.19,499.83,478.18,440.43,451.49,471.56,451.74,455.74,378.05,422.9,497.8,526.85,508.22,379.9,324.57,508.31,512.6,450.45,364.6,264.99,409.18,359.51,335.84,264.95,240.18,230.97,230.6,173.99,140.28,178.76,113.56,101.5,65.73,62.98,84.19,53.33,33.15,36.29,36.72
40.56,41.97,45.18,51.02,58.76,69.23,81.08,94.56,110.5,128.12,146.96,167.05,186.72,209.78,230.98,253.32,276.84,300.99,323.11,343.94,368.97,388.08,406.69,426.41,448.25,460.59,465.32,467.68,481.27,500.77,510.36,507.71,485.72,513.35,505.7,497.8,495.36,463.46,482.35,440.36,420.5,426.09,392.7,321.57,327.46,312.19,308.75,281.25,230.06,201.99,227.65,216.84,181.25,141.15,118.5,130.41,104.13,88.6,68.42,67.93,57.05,51.78,38.43,41.12
43.84,44.6,51.6,57.35,51.09,68.83,63.17,100.56,113.13,129.38,173.97,156.16,178.16,182.37,221.78,241.18,325.92,347.57,312.83,331.58,336.16,358.05,396.18,504.09,465.8,467.85,475.58,445.73,443.35,530.35,580,534.69,495.72,464.6,485,493.91,520.17,522.21,470.57,403.51,429.79,431.75,418.88,383.56,353.55,295.49,294.42,304.41,271.01,233.28,209.78,176.3,165.73,160.03,132.67,108.09,95.5,76.77,69.23,64.68,51.72,43.94,42.38,39.2
41.36,42.38,46.16,51.83,59.11,68.69,82.52,96.44,112.69,130.4,149.28,170.02,189.69,211.45,236.5,259.89,282.9,306.96,330.82,352.18,371.89,394.24,413.96,433.16,450.88,466.94,480.24,489.63,494.88,504.72,511.36,513.71,513.71,512.35,505.7,496.82,486.77,478.38,465.13,450.88,433.16,414.77,393.47,371.89,351.49,328.89,306.36,284.01,259.89,236.04,212.69,190.06,169.03,149.57,130.4,112.47,96.25,81.88,69.64,59.57,51.42,45.81,42.29,41.04
41.52,42.21,43.85,50.22,62.12,71.27,83.16,94.56,120.13,133.94,147.25,170.35,185.6,186.11,212.58,271.52,322.06,332.04,337.24,409.84,374.8,365.75,380.01,423.88,390.36,385.34,526.87,537.35,550.3,506.69,633.73,513.71,505.71,463.61,492.89,423.9,410.41,457.86,498.67,483.34,423.88,493.2,431.2,400.33,339.82,328.89,256.2,262.5,208.82,258.13,217.68,179.65,175.31,176,146.09,114.88,94.94,75.65,69.51,44.13,52.23,45.36,37.19,34.64
41.52,40.4,45.99,52.13,58.99,66.51,80.76,96.81,107.22,131.15,149.86,170.02,184.48,217.26,236.5,254.33,288.42,306.36,333.38,342.57,378.45,381.92,419.62,435.7,453.51,474.19,469.99,498.22,499.74,515.56,498.43,521.7,515.7,510.36,491.9,502.66,477.22,475.58,468.75,454.39,441.61,407.5,394.24,366.05,355.61,323.75,313.53,284.56,259.89,230.52,216.43,187.09,169.03,148.12,131.66,114.44,95.87,81.24,69.64,59.45,51.22,46.16,42.46,41.36
40.48,38.1,41.89,52.33,63.05,72.63,80.76,108.26,112.25,120.01,133.6,164.08,172.58,195.24,266.41,283.66,299.45,303.38,259.51,343.25,292.41,422.73,419.62,404.46,508.78,521.34,545.52,479.13,505.57,431.77,445.7,426.76,529.7,516.33,475.14,659.19,516.36,521.28,466.94,457.02,387.57,273.28,435.05,374.8,381.01,334.03,369.07,302.2,221.46,211.2,204.8,165.51,138,175.71,152.42,132.82,103.94,62.37,70.05,38.78,50.22,41.62,35.47,47.04
41.2,42.29,45.63,51.62,59.45,70.32,82.36,96.44,112.03,129.89,148.41,169.03,191.55,212.28,235.58,260.9,283.45,303.38,330.17,346.68,379.91,399.63,412.35,417.97,452.64,455.15,480.24,501.08,491.96,447.54,458.63,507.71,519.7,520.31,483.03,550.3,519.22,480.24,471.47,424.57,358.02,369.49,351.12,403.24,363.16,298.05,287.85,321.51,304.89,257.67,213.94,230.6,178.28,119.66,115.71,105.03,80.3,52.78,71.82,60.5,57.95,42.87,49.21,45.68
39.92,38.67,42.96,52.63,60.38,68.28,75.97,89.31,120.35,146.6,160.03,168.37,229.49,223.49,221.78,226.52,259.74,246.05,258.23,324.72,446.27,421.96,375.15,403.61,530.71,547.64,538.06,470.54,707.8,567.81,527.28,455.74,515.7,478.53,546.12,312.1,502.99,445.74,359.05,291.23,382.5,398.6,418.11,296.78,286.27,396.34,379.22,307.72,242.19,327.15,253.82,235.81,165.07,154.8,184.33,124.72,81.05,82.2,68.42,47.61,50.92,26.83,41.06,37.44
41.04,42.46,45.99,51.72,59.22,69.64,82.04,95.31,110.5,127.61,146.09,168.37,192.67,214.35,234.2,238.65,263.6,323.08,342.38,348.06,325.95,351.89,424.47,439.92,452.64,429.77,556.71,551.67,558.08,567.81,538.22,690.6,579.67,477.53,490.92,456.96,551.67,498.89,325.5,356.14,364.77,279.75,401.94,244.28,303.43,293.56,207.82,240.99,169.89,226.38,196.91,130.92,106.97,124.3,125.58,111.16,66.98,36.78,71.68,56.32,56.85,36.54,20.24,46.32
41.52,42.21,44.03,54.44,61.66,71.55,83.32,95.12,115.75,133.94,150.73,175.97,192.29,192.34,196.93,248.77,306.62,311.74,305.76,392.68,402.51,427.35,426.09,421.34,471.94,513.18,456,542.13,530.85,450.5,379.04,425.76,442.75,508.37,459.37,383.07,510.63,523.14,436.11,378.07,623.15,450.35,499.73,421.47,369.34,245.38,379.22,236.03,298.32,260.89,194.41,109.72,152.2,112.11,120.77,100,76.36,80.92,74.95,53.3,42.38,68.89,43.86,52.96
41.76,42.05,45.9,50.12,60.96,68.55,82.68,95.5,113.78,129.89,149.57,164.41,192.29,210.2,238.34,259.39,285.11,305.77,329.53,346,377.72,393.47,417.2,432.32,452.64,465.13,476.51,484.86,498.77,505.7,512.35,512.71,514.71,510.36,500.77,496.82,489.63,478.38,466.94,450.88,432.32,411.54,391.93,374.08,352.18,330.82,306.36,282.9,257.87,234.2,212.28,190.43,169.69,149.28,129.64,112.25,95.69,81.56,69.64,59.45,51.52,45.72,42.13,40.8
42.88,39.99,62.56,60.66,67.7,77.12,82.52,78.24,126.69,104.32,147.54,171.01,160.31,113.41,197.39,229.05,265.26,252.02,254.37,370.03,418.56,411.95,359.79,613.86,528.08,633.77,511.02,503.95,568.77,685.11,458.63,622.64,580.67,412.87,429.8,353.9,394.19,442.01,394.41,200,445.83,336.35,380.38,295.32,424.95,338.52,411.47,279.59,225.51,369.94,259.22,237.3,189.83,165.54,105.84,147.04,78.05,102.36,80.66,47.26,47,27.27,38.67,38.88
41.04,42.29,45.45,51.72,59.57,69.64,82.2,95.87,112.69,130.65,149.28,170.02,192.67,215.6,237.42,260.4,284.01,307.56,328.89,354.92,376.99,395.78,413.96,425.57,447.37,460.59,481.18,482.95,488.07,500.77,504.4,517.7,510.71,501.41,492.89,489.05,470.54,472.78,449.71,445.62,428.1,418.81,377.3,348.55,352.86,339.17,308.15,265.81,256.35,232.82,216.43,201.97,169.69,123.72,109.89,107.66,92.87,76.45,57.94,60.62,59.26,58.02,48.38,40.24
40.64,42.87,45.36,51.93,58.99,68.55,80.28,94.75,104.15,127.61,155.09,172.66,186.72,192.34,226.84,276.07,292.83,304.57,310.26,390.62,373.35,385.77,416.39,420.5,351.76,303.74,414.97,535.44,491.96,401.21,389.99,598.66,589.66,592.94,484.02,710.72,634.71,677.94,542.2,473.69,647.64,501.28,442.75,423.66,405.72,238.32,352.94,164.89,250.28,233.28,170.32,64.72,125.78,106.3,109.38,78.77,49.34,87,69.37,57.83,38.77,65.06,50.36,60.24
39.36,38.35,43.49,52.53,59.34,66.38,68.61,82.55,100.65,125.84,141.44,139.32,132.04,229.31,273.31,274.05,243.2,387.58,391.84,431.81,470.33,431.97,632.26,523.51,502.64,456.97,485.84,361.73,550.3,309.53,405.9,491.72,379.78,205.94,344.04,467.66,389.41,331.04,184.96,475.44,397.7,443.88,307.23,363.87,408.47,436.8,350.56,237.68,427.76,285.74,309.07,212.75,172.66,252.38,153.44,140.26,95.87,87.64,97.52,79.31,52.43,42.51,46,40.64
40.96,42.29,45.63,51.72,59.92,70.05,82.04,96.06,112.47,130.4,148.7,170.35,191.92,213.94,235.58,260.4,283.45,305.77,328.25,352.86,378.45,402.71,414.77,429.79,449.13,473.29,478.38,480.09,489.05,504.72,506.38,519.7,513.71,484.5,444.58,463.77,482,495.16,440.65,345.62,377.44,402.64,406.56,361.68,254.01,254.37,272.92,233.82,202.25,152.76,198.57,153.98,157.48,122.27,163.31,114.66,82.93,79.65,63.52,89.53,60.96,62.65,54.14,41.12
40.64,42.13,45.63,52.03,59.34,70.73,81.24,96.62,112.69,132.17,147.83,165.07,184.11,221.83,255.37,270,277.94,259.78,283.92,365.22,377.72,372.68,316.13,346.19,423.69,477.82,449.47,308.29,448.21,441.63,560.11,476.73,725.58,610.85,678.21,628.08,482,435.48,611.1,606.15,499.87,290.26,281.82,183.76,203.89,211.34,482.54,284.01,300.85,271.01,194,122.74,200.4,200.69,161.79,59.95,50.84,28.95,50.6,38.2,85.57,54.54,50.77,44.48
40.88,41.88,45.63,51.83,59.45,69.64,82.36,96.81,112.47,130.14,150.44,171.67,191.55,212.69,238.34,260.9,280.7,308.15,327.6,350.12,375.53,390.39,412.35,434.85,444.74,464.22,480.24,489.63,486.13,500.77,505.39,494.72,502.71,495.44,485,494.88,503.95,475.58,425.23,530.71,478.76,432.56,398.86,314.28,247.83,352.01,237.68,201.84,296.3,263.19,180.29,233.58,157.15,95.26,155.46,115.53,79.55,103.47,86.1,54.69,65.18,37.25,8.23,44.08
41.28,42.46,46.16,51.83,60.15,70.46,83.64,97.56,113.34,131.15,149.28,169.69,192.29,213.94,238.8,260.9,280.7,302.18,323.75,343.94,365.33,388.85,405.07,427.25,440.36,462.41,480.24,492.49,500.71,508.66,515.34,504.71,514.71,529.27,528.38,519.19,492.49,541.79,491.42,485.09,476.23,416.39,334.95,343.45,296.57,315.4,261.57,301.65,263.43,173.93,200.64,157.7,278.64,175.42,145.84,140.26,94.56,76.45,82.02,82.21,69.4,35.83,7.65,42.88
41.04,42.46,45.36,50.52,60.5,69.1,79.01,91.18,114.66,136.73,149.57,158.14,225.77,234.71,265.49,285.17,262.5,355.33,391.84,413.28,395.22,267.96,236.09,347.04,324.57,314.62,780.51,615.62,760.31,666.38,383.02,135.92,425.76,225.83,283.9,825.45,581.26,779.58,591.16,288.6,417.12,267.62,233.31,207.82,118.08,293.56,272.92,209.56,430.79,398.93,284.56,285.65,111.92,82.77,72.41,24.07,40.71,14.23,45.7,55.16,39.57,79.14,64.76,67.68
41.92,43.12,44.65,47.51,60.85,75.22,84.92,99.06,109.62,133.94,151.89,165.73,193.41,205.63,179.45,194.67,258.64,275.91,308.33,265.68,178.65,409.64,506.13,463.56,328.95,157.76,552.98,636.62,552.24,315.45,157.19,458.74,600.66,496.44,253.34,239.18,318.78,448.54,379.9,168.42,426.41,162.51,312.62,284.38,538.22,407.9,232.31,224.45,214.89,316.1,263.37,321.36,248.6,110.07,23.29,130.41,97.75,68.13,107.73,101.72,41.78,37.43,32.26,6.72
43.04,42.87,45.36,54.74,62.47,71.27,87.32,90.43,142.66,141.79,174.55,193.46,188.95,262.54,282.97,362.53,347.98,235.3,144.53,326.09,341.99,349.58,484.3,500.71,272.81,366.3,338.5,484.86,546.41,834.95,698.39,283.84,429.75,284.53,208,274.18,820.82,723.63,791.53,582.46,265.98,87.32,359.59,140,189.48,548.58,442.52,468.75,361.52,139.88,110.92,109.35,29.05,68.54,211.16,131.51,166.04,124.59,17.68,103,11.35,16.13,17.77,6.64
41.04,42.71,46.08,51.52,59.92,70.05,81.56,96.62,113.78,130.9,150.44,172.33,193.41,215.6,237.88,259.89,285.11,309.35,330.82,357.67,378.45,399.63,416.39,433.16,457.02,485.07,505.42,514.45,506.55,496.83,532.25,537.69,519.7,496.44,416.98,444.32,493.45,497.03,427.05,435.09,423.88,409.92,438.9,331.78,374.83,387.99,398.93,300.55,148.65,240.64,127.12,149.52,110.6,148.12,156.73,181.61,116.89,48.14,89.77,38.55,50.72,26.47,6.91,53.44
41.04,41.88,45.63,51.52,58.99,69.51,81.72,95.87,110.5,131.15,152.18,170.68,186.34,203.14,237.42,275.06,288.42,291.43,285.85,320.6,376.99,413.49,391.32,517.6,468.43,539.48,550.18,413.27,291.68,592.45,526.28,475.73,789.55,559.11,449.51,508.49,342.65,115.63,467.85,396.5,315.8,648.43,562.87,627.83,447.6,261.44,358.32,116.36,77.36,50.61,56.5,106,41.27,45.89,48.36,175.05,129.08,67.17,56.31,93.59,86.07,54.72,49.45,58.96
41.28,42.38,45.9,51.62,58.99,68.42,84.12,99.44,113.78,122.55,169.03,177.62,191.18,218.92,196.01,191.63,325.92,312.93,269.15,508.01,406.89,448.91,460.86,331,259.65,349.07,449.47,336.92,562.94,692.01,765.05,638.63,606.65,579.01,321.36,455.02,286.33,110.04,299.2,184.21,142.7,207.79,604.45,430.22,318.54,537.66,519.56,489.15,336.75,407.67,294.94,271.89,185.87,210.27,155.21,78.55,75.99,71.65,57.67,34.37,38.77,55.79,33.74,31.12
41.2,42.38,45.9,52.23,59.45,69.64,82.36,99.25,118.81,132.42,143.76,171.01,199.36,217.68,244.32,262.42,280.7,312.93,344.95,382.38,374.08,400.4,407.5,450.9,492.99,438.83,582.82,523.04,526.96,557.95,499.42,621.64,582.67,637.71,572.74,423.9,251.02,592.15,519.53,457.02,369.84,447.92,211.75,297.51,241.65,352.66,379.22,434.56,338.26,147.7,144.98,91.87,119.18,106.59,211.67,149.01,140.71,99.48,44.75,30.54,35.65,32.71,31.68,63.36
41.12,42.38,45.63,51.62,59.92,69.91,82.04,96.81,112.69,130.65,149.57,170.35,192.29,214.77,236.5,260.4,284.01,307.56,333.38,354.92,376.99,401.94,418.81,437.39,455.27,471.47,481.18,499.18,505.57,507.67,511.36,512.71,511.71,507.38,522.46,520.16,503.95,487.7,439.74,460.53,485.52,455.2,410.41,352.93,363.16,357.79,321.89,297.79,258.37,256.75,207.71,183,166.39,137.08,90.14,89.27,90.43,83.48,68.69,50.86,38.87,51.07,49.45,44.32
42.24,42.29,42.42,48.91,62.59,73.18,83.48,90.43,128.88,137.23,153.06,176.63,193.04,172.4,201.99,240.68,300,319.5,285.21,291.08,457.93,464.31,460.86,417.12,503.52,563.05,529.67,509.67,451.13,716.66,551.15,568.67,423.76,451.67,750.18,525.99,496.31,386.06,432.49,655.27,414.59,363.83,331.87,362.41,470.94,320.54,239.48,258.64,256.35,301.38,213.11,143.94,156.82,147.25,188.38,111.37,80.86,68.61,67.87,93.25,53.93,44.92,33.41,38.16
42,42.54,44.2,56.34,60.85,70.46,83.16,93.25,88.4,114.44,148.99,190.49,204.57,203.14,271.47,289.72,281.25,292.03,305.76,339.82,334.7,314.93,476.22,461.03,381.58,306.46,594.94,550.72,549.33,473.17,630.74,598.66,572.67,440.72,475.14,619.33,454.32,350.63,447.9,443.87,343.66,308.05,324.17,432.41,379.64,279.43,228.73,369.48,290.73,270.09,193.58,222.05,208.32,177.16,122.29,104.15,141.84,85.72,67.46,49.12,50.42,59,39.25,30.32
41.52,42.71,46.25,51.62,58.64,69.37,83.96,98.69,114.44,127.61,152.77,169.03,193.41,218.09,232.82,234.1,258.64,322.49,355.22,368.65,374.8,422.73,393.75,392.63,448.25,466.94,427.09,419.96,571.69,548.09,532.25,506.71,648.63,527.28,441.63,481.27,487.72,392.59,339.1,450.88,480.45,453.58,374.22,400.33,419.45,388.63,310.54,271.32,346.86,235.12,170.73,177.79,167.05,112.11,113.18,82.71,102.82,84.92,58.22,39.37,63.38,49.82,48.22,39.2
41.92,41.31,47.59,48.31,56.32,67.87,80.13,84.8,100.43,139,158.86,173.33,183,260.46,240.18,241.18,276.84,305.77,253.73,286.96,333.97,444.29,434.18,372.37,392.11,595.69,525.94,523.99,481.27,690.04,562.1,533.69,437.75,487.48,524.43,472.52,338.83,478.38,464.22,348.25,367.3,312.09,429.66,393.76,293.14,213.26,375.04,313.79,296.3,218.1,189.84,243.25,195.44,164.38,124.07,127.35,115.39,97.72,71.95,57.6,68.2,51.69,47.73,38.8
42.32,43.04,45.9,51.32,58.99,71.55,84.6,97.94,108.75,141.54,162.93,179.6,198.25,214.77,204.29,231.07,288.42,338.61,352.66,344.62,452.83,418.88,402.64,414.59,433.34,339.1,397.25,445.73,536.69,527.39,441.72,481.72,610.65,576.03,501.76,483.21,664.29,522.21,398.03,400.01,409.52,392.94,373.45,240.63,356.3,321.82,226.94,196.32,228.04,250.31,237.62,150.27,108.29,185,149.64,124.94,86.49,79.17,83.92,73.27,50.82,44.11,56.12,46.16
40.32,38.67,43.58,54.03,61.78,71.27,80.6,96.62,106.78,119.76,145.21,163.09,171.09,225.15,259.51,285.68,298.9,310.54,315.4,334.33,315.74,415.03,422.86,378.28,367.55,563.05,570.7,533.54,496.82,714.69,564.09,401.77,462.74,484.5,397.27,377.24,391.32,498.89,508.65,368.43,397.7,497.24,502.81,409.81,344.62,450.94,352.94,291.18,223.99,232.82,250.91,189.69,112.91,143.47,121.53,84.9,86.31,52.14,75.22,59.22,36.86,30.92,35.3,45.6
41.04,42.29,45.54,51.62,59.57,69.37,82.04,96.06,111.81,128.12,148.99,170.68,189.69,213.94,236.5,258.37,282.9,305.17,330.17,350.8,373.35,388.08,410.73,431.48,447.37,462.41,483.04,484.86,481.27,506.69,531.26,529.7,516.7,501.41,504.72,503.63,491.54,490.5,466.94,429.83,422.19,440.64,415.8,393.03,355.61,298.7,298.6,255.33,269.5,236.5,191.92,173.7,181.58,169.32,135.71,111.37,118.39,92.92,58.08,60.96,50.12,38.68,21.97,39.44
39.52,42.71,47.5,53.23,60.15,65.7,78.53,98.5,116.85,131.91,146.38,166.72,188.2,200.23,230.06,251.3,249.82,271.73,343.66,385.82,390.12,389.62,514.22,494.8,419.3,449.71,463.46,382.73,377.24,467.26,509.37,534.69,456.74,487.48,561.89,613.5,519.22,493.3,633.77,534.22,400.23,413.96,381.92,326.68,330.89,237.67,264.56,264.7,198.2,139.42,210.61,204.57,178.94,132.73,132.17,127.79,123.83,92.28,74.4,82.1,61.27,43.58,42.79,40.8
40.4,41.97,45.27,51.02,59.34,69.1,80.92,96.06,112.91,127.1,148.99,170.35,196.76,212.28,236.96,248.26,282.35,321.89,337.24,348.06,359.49,428.12,440.64,456.81,475.44,474.19,473.72,473.41,473.49,489.93,490.47,437.75,409.77,510.36,552.03,514.32,459.09,546.45,512.27,487.73,449.21,418.81,458.92,398.14,312.36,325.68,296.81,211.21,185.06,217.64,216.43,192.67,143.94,121.4,145.84,131.29,102.82,82.84,97.25,70.14,55.94,45.54,43.61,45.52
40.08,41.47,44.2,47.51,60.27,68.69,81.24,97.94,107.44,117.48,135.34,163.42,188.95,201.48,207.98,251.3,298.9,335.03,350.73,356.98,427.31,411.95,393.75,412.9,430.71,380.81,384.2,503.95,575.58,550.06,503.4,670.62,570.67,526.28,483.03,478.35,356.01,392.59,393.5,469.3,430.63,357.37,331.1,444.08,414.65,370,321.29,400.92,296.8,200.15,183.61,175.19,111.59,116.17,108.87,120.13,99.44,67.65,59.58,69.56,62.07,49.82,43.61,57.92
42.64,42.95,45.9,50.42,56.67,64.47,77.57,92.68,107.22,113.94,144.92,177.29,211.64,228.48,239.72,296.8,309.37,279.49,303.19,332.95,293.14,250.25,418.01,480.45,485.09,446.09,621.99,553.58,514.32,497.82,500.42,459.74,478.73,370.09,445.57,482.24,370.32,323.58,519.53,589.48,478.76,438.22,551.32,478.35,324.72,329.53,296.21,214.52,193.15,183.59,181.12,182.62,133.38,135.34,146.09,145.51,111.63,91.48,92.49,70.49,37.66,39.48,37.93,31.28
39.76,45.01,49.64,54.34,58.76,83.52,89.88,99.81,111.81,127.36,181.52,184.55,169.23,213.11,227.3,196.69,244.3,257.99,328.25,349.43,296.78,254.87,433.37,479.61,478.95,418.89,462.53,555.49,590.16,516.55,524.29,677.61,557.68,580,519.5,505.57,688.16,548.32,388.06,430.71,404.46,449.54,398.86,252.3,339.82,294.84,208.42,261.95,194.67,213.96,199.4,134.64,128.76,133.02,125.84,122.53,78.42,47.5,80.93,65.84,59.16,41.26,33.65,49.68
41.36,42.38,45.81,51.42,59.45,69.91,81.88,95.87,112.47,130.14,148.99,168.7,189.69,211.86,233.28,258.37,279.59,302.78,323.11,344.62,366.05,385,404.26,426.41,443.87,459.69,469.99,482.95,492.94,492.89,502.41,503.71,505.71,504.4,501.76,494.88,483.9,477.45,464.22,445.62,416.28,413.15,403.48,379.91,346.68,301.91,281.28,286.21,260.9,231.9,191.92,186.34,183.23,160.61,135.46,107.44,114.82,94.52,76.44,67.35,54.54,61.76,47.81,39.92
44.08,44.93,48.3,54.54,62.24,72.23,85.08,100.75,113.34,126.85,148.99,171.01,193.78,211.86,215.34,278.6,290.07,311.74,342.38,339.13,365.33,360.36,366.26,395.17,392.99,338.19,333.84,485.81,558.08,528.38,443.71,458.74,629.64,593.93,564.85,503.63,686.25,525.94,491.42,391.23,387.57,582.14,404.25,239.9,295.88,299.98,207.23,254.78,163.32,248.93,209.78,142.08,77.91,168.74,142.8,131.07,79.36,75.81,87.05,78.03,59.46,43.85,55.79,48.72
39.68,41.88,46.52,52.43,59.57,65.97,84.12,98.13,116.41,137.99,149.57,143.61,175.93,212.28,233.74,258.88,263.6,335.03,383.49,398.17,427.31,406.56,532.82,469.47,387.72,421.61,418.7,293.97,411.27,380.51,489.47,478.73,358.79,263.64,502.75,598.91,569.8,405.64,303.74,572.81,534.49,501.28,362.67,391.58,430.44,461.86,336.22,276.29,385.79,291.26,259.22,177.79,167.38,232.92,155.97,117.94,89.49,80.28,103.24,67.47,42.59,42.69,39.74,54
45.2,54.23,51.69,49.11,86.05,93.58,110.19,116.32,128.22,181.54,198.65,146.91,218.33,223.49,183.13,250.28,163.79,224.55,296.13,229.29,113.02,285.67,274.9,358.02,271.06,167.74,449.47,485.81,464.74,352.91,391.98,527.7,699.6,550.16,443.6,634.88,611.8,711.51,536.76,458.78,651.86,545.75,581.35,430.22,368.65,518.38,398.33,413.6,297.81,250.77,329.84,250.69,243.98,169.32,134.7,172.86,124.02,121.71,77.67,58.41,74.72,57.04,63.28,45.28
41.84,40.73,44.2,49.21,62.01,72.36,81.08,86.31,107.87,137.48,153.93,174.98,186.34,252.16,247.55,261.41,287.31,293.22,278.14,298.63,354.39,417.34,432.56,389.26,365.79,572.12,559.51,535.44,490.02,685.11,534.24,494.72,452.74,449.68,573.72,460.85,329.28,481.18,456.97,291.23,320.02,384.05,505.89,438.97,307.55,156.09,412.66,370.04,309.44,217.64,210.61,242.88,204.69,157.41,115.96,152.95,105.25,91.96,56.18,47.49,77.54,50.44,34.15,27.76
41.52,42.54,46.52,52.03,60.73,71,83.64,98.31,114.88,131.41,152.18,172,196.01,218.51,242.02,263.43,284.01,306.36,328.25,347.37,369.7,386.54,410.73,422.19,439.48,446.99,465.32,487.72,500.71,491.9,483.5,511.71,533.69,519.32,502.75,470.57,511.58,509.15,476.91,475.44,432.32,422.86,371.14,347.82,351.49,310.9,217.98,224.45,233.6,207.98,189.84,141.71,113.24,155.38,137.48,114.66,80.68,71.49,82.43,74.43,57.55,44.65,40.16,50.8
41.12,42.38,45.81,51.62,59.69,70.05,82.2,96.06,112.47,130.14,148.41,170.02,193.04,216.01,240.64,270.51,301.65,336.22,364.22,374.14,386.47,399.63,412.35,430.63,448.25,456.97,464.39,478.18,490.02,500.77,505.39,511.71,513.71,510.36,501.76,494.88,487.72,476.51,463.31,443.87,426.41,407.5,386.54,368.24,347.37,326.96,303.97,280.7,257.87,233.28,211.86,190.43,167.38,147.25,132.17,115.97,96.25,77.57,81.07,63.52,54.94,50.17,41.8,53.76
41.2,42.38,45.54,51.72,59.8,70.19,82.04,96.44,112.69,129.89,149.57,169.69,191.18,213.94,236.96,259.39,281.8,305.77,328.25,349.43,374.08,391.16,411.54,433.16,450.01,465.13,479.31,487.72,495.85,508.66,510.36,512.71,511.71,506.38,501.76,508.49,505.86,482.11,445.18,487.73,449.21,435.79,415.03,372.62,409.84,353.3,306.96,306.62,255.34,328.99,245.09,190.43,199.41,152.77,173.94,131.07,131.33,99.96,70.46,40.18,62.57,63.1,48.22,29.04
40.24,41.64,45.27,51.32,58.64,69.1,81.24,95.5,111.37,129.38,148.41,169.03,190.06,213.52,236.04,257.87,284.01,305.77,328.25,350.12,373.35,392.7,413.15,433.16,450.01,470.57,480.24,486.77,495.85,503.73,507.38,511.71,512.71,511.36,509.65,498.77,485.81,472.78,474.19,457.9,431.48,382.43,365.75,385.01,356.3,324.39,257.39,239.34,251.3,230.98,200.64,144.69,132.72,137.95,124.57,106.56,72.8,72.77,59.98,53.18,47.1,58.82,45.92,39.92
38.56,43.53,47.68,49.82,45.87,61.75,79.01,93.25,105.03,105.84,118.2,165.4,198.99,211.86,188.19,206.8,300.55,364.89,349.44,291.08,308.45,446.6,520.69,475.38,402.64,392.59,568.83,612.75,555.16,457.4,400.93,625.64,640.63,564.09,416.98,291.68,537.35,592.15,474.19,289.48,269.36,342.81,441.98,351.47,202.52,290.35,198.87,264.15,237.14,233.74,226.4,144.31,143.94,135.63,205.59,123.63,100.75,77.25,67.6,88.72,63.48,59.98,48.47,37.2
41.6,42.87,46.7,52.53,60.73,71.41,84.12,97.94,114.22,129.89,147.25,166.72,190.43,211.86,234.66,261.91,283.45,300.99,330.17,355.61,372.62,395.78,413.96,436.54,454.39,468.75,477.45,487.72,492.94,491.9,495.44,501.71,507.71,507.38,495.85,470.57,497.27,503.56,472.38,451.76,421.34,405.88,377.3,377.72,363.85,325.68,255,255.88,262.92,237.88,206.88,178.9,181.58,159.15,138.24,120.78,96.25,88.6,71.27,57.6,51.72,43.76,36.29,35.76
41.44,42.62,46.08,52.53,60.15,70.05,82.04,95.87,113.13,133.69,153.64,173.66,195.64,217.26,239.72,268.49,292.28,315.92,340.45,366.59,388.66,414.26,431.75,444.99,463.16,476.91,490.5,498.22,498.77,505.7,513.35,521.7,521.7,520.31,512.6,509.46,498.22,482.11,462.41,447.37,427.25,410.73,395.78,379.18,356.3,335.31,311.74,286.76,262.42,235.12,211.45,193.78,168.7,142.6,119.51,104.81,94.94,80.28,65.29,48.42,45.5,44.47,41.47,39.36
42.24,43.61,47.32,52.93,61.08,71.27,83.96,98.88,114.44,132.93,151.31,172.33,198.99,225.57,258.13,294.78,321.51,332.04,350.73,368.65,387.2,401.17,406.69,415.43,432.46,446.99,462.53,475.31,493.91,507.67,535.24,568.67,547.69,521.31,531.33,538.63,547.85,500.76,466.03,439.48,427.25,413.96,399.63,386.47,367.97,340.45,303.97,272.98,252.81,230.06,204.8,180.02,161.77,141.44,123.81,106.56,91.37,78.21,66.1,56.78,49.01,43.67,40.4,38.88
41.36,42.54,46.08,52.13,60.03,70.32,82.68,97,113.56,132.17,152.48,173.33,196.01,218.92,247.55,276.07,302.2,329.06,355.87,371.4,388.66,409.64,426.9,442.45,457.02,475.1,487.7,497.27,500.71,495.85,488.48,485.72,483.72,483.5,475.14,471.55,461,455.07,450.62,439.48,428.94,412.35,391.16,367.51,341.19,319.25,297.4,273.53,249.27,230.06,211.45,190.06,167.05,145.5,125.08,105.03,93.81,83.64,69.23,56.43,43.69,40.64,42.29,41.04
41.36,42.62,46.34,52.23,60.38,70.73,83.32,98.13,114,132.42,151.02,171.01,191.18,213.94,237.88,262.92,287.87,314.13,339.17,363.85,385.01,407.33,424.47,446.67,481.58,505.93,510.09,514.45,529.88,537.25,540.21,538.69,532.7,531.26,521.48,505.57,492.49,479.31,466.94,449.13,426.41,410.73,386.54,363.87,339.82,319.25,293.22,274.08,250.28,225.92,203.97,181.88,161.77,142.6,125.08,108.09,94,80.44,68.96,58.87,50.72,44.83,41.23,40.08
43.6,45.17,50.71,57.95,66.31,76.17,87.32,98.31,113.13,131.91,152.48,175.97,198.99,220.17,238.8,260.4,279.04,302.18,323.11,347.37,369.7,394.24,409.11,430.63,441.23,456.06,466.26,480.09,494.88,500.77,501.41,505.71,511.71,517.33,524.43,518.21,501.08,476.51,456.06,445.62,440.76,423.67,391.93,368.97,350.12,318.61,293.22,271.32,249.27,227.76,208.12,185.23,166.72,148.12,128.37,110.5,95.31,79.97,63.25,58.87,56.14,47.23,42.38,36.64
41.68,42.95,46.52,52.53,60.85,71.95,84.92,100.19,116.41,134.7,154.8,175.97,196.76,216.85,238.8,262.92,287.31,312.93,326.96,344.62,366.05,391.16,413.15,436.54,449.13,466.03,476.51,486.77,494.88,499.79,501.41,502.71,497.72,494.45,488.94,485.16,478.18,471.85,456.97,443.87,428.1,402.64,378.84,359.49,336.39,316.04,294.42,272.98,250.79,230.06,209.37,188.2,165.07,146.96,127.36,110.06,94.56,81.08,69.23,59.11,51.12,45.72,41.55,40.4
41.2,42.29,45.9,51.72,59.69,70.19,82.36,96.62,112.91,130.4,149.57,169.69,191.18,213.94,236.5,261.41,284.01,306.96,330.82,356.3,376.99,397.32,415.58,434.85,449.13,465.13,482.11,502.04,516.27,533.3,546.18,548.69,553.68,564.09,560.91,552.24,546.9,562.31,528.6,501.76,475.38,440.64,403.48,380.64,366.59,353.3,325.47,293.38,266.97,247.55,222.66,197.5,172.66,164.38,152.17,124.5,102.63,81.4,67.33,57.48,50.82,45.72,44.27,43.2
40.72,41.97,45.63,51.72,59.57,69.78,81.88,96.06,112.25,129.64,149.28,171.01,191.92,215.18,238.34,263.43,295.04,330.25,362.29,383.07,398.87,419.65,455.2,489.74,500.88,491.42,492.37,502.99,515.3,524.43,532.25,540.69,540.69,530.26,514.57,500.71,494.4,484.91,478.73,467.55,443.3,416.39,397.32,379.91,358.36,326.32,302.78,280.15,262.42,239.26,216.43,191.55,169.03,147.25,128.62,110.28,94,79.81,67.06,57.36,50.62,45.27,42.21,40.88
42.56,44.19,48.48,54.64,62.71,72.23,83,97.37,115.97,133.43,152.48,174.65,191.92,213.11,239.26,267.48,289.52,314.13,339.81,359.73,387.2,395.78,401.03,416.28,434.22,476.01,508.22,497.27,547.38,519.5,540.21,566.68,530.7,546.18,503.73,485.16,482,456.93,350.89,363.16,413.74,431.75,398.86,280.01,251.26,334.03,343.99,294.48,210.34,149.08,242.19,222.05,184.55,135.34,100.27,140.91,110.32,91.32,66.92,52.72,64.18,54.36,47.73,38.8
41.36,42.62,46.08,52.13,60.27,70.73,83.32,97.75,114.22,132.17,151.89,173,194.9,218.51,242.48,267.98,293.93,318.9,348.8,380.32,406.89,425.04,430.94,439.92,457.02,474.19,482.11,486.77,496.82,502.75,507.38,509.71,508.71,505.39,499.79,490.02,478.18,463.46,448.81,433.34,417.12,401.84,381.92,363.87,344.62,325.03,302.78,280.7,259.39,232.36,208.95,190.43,171.01,150.44,130.14,110.72,94.56,80.28,67.87,57.83,50.22,44.47,41.14,40.08
41.76,43.2,46.79,53.43,62.12,72.91,86.36,100.38,115.53,133.43,150.44,171.34,191.92,216.01,237.88,272.03,308.82,343.39,366.15,374.83,393.76,421.96,447.11,475.38,512.29,500.49,506.36,516.36,509.46,512.6,495.44,491.72,483.72,496.44,517.53,518.21,509.67,474.65,435.21,436.85,444.99,422.05,394.24,342.72,354.92,338.52,302.78,272.98,232.59,217.18,194,183.74,170.68,141.15,110.39,96.93,91.75,79.49,64.06,47.49,47.1,48.93,46,43.28
44.4,43.94,48.93,56.04,62.12,81.88,90.36,102.25,113.56,132.42,149.57,173,192.67,211.03,229.14,243.71,258.09,277.7,294.84,323.34,351.47,370.37,379.2,387.57,378.07,437.93,473.72,471.5,464.74,419.94,458.63,532.7,518.7,496.44,433.74,507.52,515.4,490.5,483.26,435.97,435.7,362.22,348.04,348.55,319.91,237.03,248.43,301.65,312.48,254.91,203.14,220.19,208.98,142.6,128.12,99.12,138.09,71.49,58.9,45.29,48.21,27.27,33,24.16
40.56,41.64,45.18,50.92,58.87,69.23,81.4,95.5,111.37,129.64,148.12,168.37,190.06,211.03,236.04,258.37,284.01,305.77,330.82,355.61,376.26,400.4,420.43,442.45,461.41,482.35,500.76,512.54,530.85,546.12,559.11,569.67,559.68,552.15,542.18,527.94,509.67,487.7,477.82,471.06,472.85,486.73,482.79,440.43,402.29,370,357.12,318.75,280.62,244.32,215.6,189.69,168.37,153.93,136.22,111.81,103.38,99.64,86.92,75.25,61.67,50.17,47.07,40.72
41.68,43.12,46.61,52.43,60.62,70.87,83.16,97.94,114,130.9,151.31,172.33,193.41,216.85,242.94,273.54,303.86,330.25,365.5,406.41,440.43,450.45,454.39,466.1,492.99,534.04,552.05,543.08,533.77,539.22,541.21,556.68,549.69,538.22,502.75,475.43,455.27,442.01,451.53,469.3,474.54,462.47,434.28,410.54,380.32,339.17,309.95,273.53,245.23,225.46,209.37,187.83,166.39,142.6,126.6,107.44,91,77.41,67.46,57.48,49.41,43.4,39.91,38.96
41.2,42.21,45.81,51.72,59.45,70.32,82.04,96.81,112.69,129.89,149.86,170.35,191.92,213.52,236.5,257.87,281.8,302.18,326.32,348.74,373.35,393.47,420.43,443.3,467.55,487.79,513.82,543.08,560.99,563.86,566.08,561.68,536.69,513.35,515.56,513.35,493.45,483.97,463.31,446.5,436.54,426.9,411.18,392.31,382.38,368.07,341,310.48,282.14,256.75,226.4,198.62,170.35,145.5,126.85,109.19,94.37,79.33,66.92,57.6,50.62,44.74,40.48,39.84
40.64,41.72,45.1,50.82,58.64,68.69,80.92,94.75,110.72,128.12,147.25,167.38,188.58,211.03,233.74,256.35,280.7,302.78,326.32,348.74,370.43,391.16,412.35,428.94,445.62,459.69,473.72,486.77,494.88,500.77,507.38,508.71,509.71,506.38,499.79,495.85,486.77,476.51,464.22,450.01,430.63,413.15,393.47,373.35,352.18,329.53,305.77,282.9,259.89,236.04,213.52,190.43,169.69,148.7,129.89,112.03,96.25,82.04,69.78,59.69,51.52,45.81,42.21,41.04
40.32,41.39,44.92,50.52,58.64,68.83,81.4,96.25,113.13,132.42,153.06,175.64,201.59,231.8,263.19,291.75,302.76,326.67,353.94,389.25,433.14,472.01,498.86,510.85,513.16,508.65,498.89,482.95,478.35,483.03,491.46,495.72,495.72,484.5,482.04,487.1,475.31,457.86,444.27,433.34,417.97,401.84,415.8,420.74,370.71,334.67,314.13,288.42,260.4,241.56,228.48,201.97,190.49,167.87,136.47,111.59,100.19,88.44,74.81,63.98,53.03,45.18,41.64,40.16
39.68,40.73,44.2,50.12,58.29,68.28,80.28,94.37,109.84,126.85,145.5,164.41,184.48,205.21,227.3,250.28,272.98,295.02,317.33,338.45,359.49,379.61,401.03,419.65,437.72,452.43,466.26,479.13,490.02,498.8,502.41,506.71,506.71,506.38,500.77,493.91,482.95,471.85,456.06,443.87,427.25,408.3,390.39,368.97,348.06,326.96,303.38,281.8,257.87,234.66,213.11,190.43,168.37,148.41,129.38,111.81,96.25,81.88,69.64,59.57,51.22,45.63,42.21,40.96
41.36,42.87,46.97,53.63,62.71,74.4,87.8,102.82,118.6,135.46,153.64,171.67,190.43,209.78,231.9,255.85,284.56,319.5,355.22,374.14,387.2,408.1,427.71,445.83,462.29,471.47,480.24,485.81,499.74,519.5,530.26,535.69,539.69,534.24,522.46,508.49,495.36,482.11,465.13,445.62,426.41,416.39,406.56,388.66,359.73,334.67,311.14,282.35,254.33,230.52,208.95,188.58,169.69,149.57,129.13,110.72,94.37,80.92,69.1,57.94,49.31,43.85,40.98,40.16
41.6,42.87,46.7,52.93,61.54,72.5,85.4,100.19,116.19,133.69,152.48,172.33,192.67,214.35,236.5,259.89,284.01,305.77,328.89,350.8,374.08,395.78,418.01,437.39,453.51,466.03,478.38,487.72,496.82,503.73,507.38,508.71,507.71,505.39,499.79,490.99,482,470.92,456.97,442.99,426.41,409.11,390.39,370.43,349.43,326.96,305.17,281.8,257.87,234.66,211.45,188.58,167.05,146.67,127.61,110.5,94.56,80.6,68.69,58.52,50.72,45.01,41.64,40.48
41.28,42.38,45.9,51.72,59.8,69.78,82.2,96.44,112.47,130.9,150.44,171.34,193.04,216.01,238.8,261.41,285.11,306.36,328.89,350.8,373.35,395.01,415.58,435.7,452.64,469.66,484.91,501.08,517.24,532.32,535.24,520.7,517.7,518.32,523.45,526.96,532.58,527.8,536.76,510.53,483.83,451.16,438.9,433.14,428.38,394.41,329.06,293.38,267.48,243.86,219.75,200.48,179.27,158.57,135.21,114.22,98.88,84.44,69.91,59.22,51.72,46.08,42.54,41.04
41.84,43.2,46.52,51.83,59.34,68.96,82.2,98.5,116.63,134.95,152.48,171.01,192.67,216.85,239.72,260.4,284.01,308.15,335.31,361.1,385.01,407.33,430.13,449.21,468.43,485.98,502.62,509.67,517.24,529.36,537.23,533.69,533.69,536.23,535.28,525.99,515.4,494.23,471.47,454.39,435.7,409.92,384.23,358.03,334.33,312.19,291.43,269.67,246.74,224.08,203.97,182.62,161.44,144.05,126.6,109.19,93.43,80.6,69.37,59.34,51.83,46.61,44.19,42.48
40.64,41.64,45.1,51.52,59.69,69.37,81.88,95.87,112.47,130.65,150.73,172.33,194.53,217.68,240.64,263.43,285.11,310.54,337.88,363.85,391.58,411.18,431.75,446.67,466.67,478.73,490.5,494.4,502.66,514.57,522.3,528.7,525.7,516.33,516.55,517.24,519.22,498.89,478.73,462.29,439.08,413.15,401.17,381.37,356.98,343.02,322.49,289.52,254.33,219.94,205.63,189.32,166.06,139.7,115.2,101.97,93.43,81.4,67.33,53.42,52.33,47.23,42.87,42
40.72,41.88,45.36,51.02,58.76,69.37,80.76,94.75,110.94,127.1,145.8,165.4,187.46,206.88,231.44,255.34,281.25,306.96,324.39,352.18,366.78,388.85,414.77,435.7,450.88,462.41,472.78,487.72,499.74,504.72,512.35,512.71,510.71,510.36,502.75,502.66,489.63,480.24,465.13,450.88,431.48,415.58,388.08,368.97,361.79,339.81,314.13,285.11,252.81,237.42,225.98,203.08,173.66,144.34,127.86,117.72,100.38,82.2,63.79,58.64,55.44,48.13,44.6,41.52
41.2,42.38,45.9,51.42,59.57,69.51,81.24,95.31,110.5,128.37,147.54,166.72,189.32,211.03,233.74,258.88,282.35,308.15,332.74,357.67,380.64,402.71,424.47,444.99,466.67,478.73,491.43,505.86,508.49,508.66,509.37,512.71,509.71,516.33,516.55,508.49,495.36,485.84,469.66,455.27,439.08,413.15,392.7,373.35,354.24,334.67,304.57,277.94,255.34,231.9,210.61,190.43,170.68,155.09,136.22,120.35,101.88,84.44,71,59.69,51.02,45.36,41.31,39.92
41.28,42.46,45.9,51.83,60.03,70.32,83,97.56,114.22,132.93,153.35,174.65,194.53,217.26,242.94,267.48,291.18,314.72,339.17,360.41,381.37,401.17,420.43,437.39,457.02,476.01,495.16,513.49,527.94,535.28,543.19,544.69,536.69,527.28,524.43,526.96,508.72,490.5,481.45,471.94,458.5,441.45,418.88,388.66,371.4,351.37,320.7,289.52,260.4,230.06,203.55,181.14,161.44,142.89,125.08,109.19,93.81,80.76,68.83,58.87,50.92,44.11,40.16,38.96
41.6,42.87,46.88,52.63,61.54,71,82.84,97.75,113.34,131.66,152.77,176.3,200.11,221,244.78,271.52,295.59,318.31,339.81,360.41,385.74,404.25,426.9,444.99,457.02,472.38,482.11,493.45,499.74,514.57,523.3,527.7,521.7,527.28,520.49,511.41,494.4,473.72,456.06,441.23,419.65,397.79,381.92,362.41,341.88,325.03,302.18,278.49,252.81,230.98,208.95,182.62,164.08,144.92,126.34,110.94,94.75,80.92,68.42,58.87,51.32,46.34,43.2,41.52
39.92,41.47,44.92,50.92,58.99,68.96,80.76,94.56,110.06,127.1,145.8,165.4,187.83,209.37,232.82,255.85,279.59,306.36,329.53,352.18,374.08,392.7,412.35,425.57,448.25,467.85,483.04,487.72,497.8,497.82,505.39,507.71,506.71,505.39,502.75,493.91,483.9,468.12,459.69,442.99,424.72,402.64,386.54,364.6,346,321.18,302.18,277.39,255.34,231.44,211.86,187.83,162.1,140.57,127.36,114.44,95.69,76.29,74.81,60.73,52.33,48.04,42.54,40.08
40.56,41.88,45.1,50.82,58.64,68.96,80.6,94.94,111.16,129.38,149.28,170.35,193.04,216.43,239.26,262.92,284.56,309.35,332.74,356.98,373.35,391.16,412.35,424.72,444.74,456.06,469.05,482.95,494.88,497.82,505.39,508.71,510.71,510.36,508.66,504.6,497.27,484.91,475.1,469.3,445.83,426.9,404.25,379.18,350.12,328.89,301.59,278.49,259.39,240.64,221.42,201.22,177.95,155.96,135.97,115.75,98.69,84.6,73.59,63.29,55.54,48.13,44.19,43.76
41.28,42.54,45.99,51.62,59.92,69.78,81.88,96.44,112.47,129.13,147.83,167.38,187.83,211.86,239.72,269.5,302.76,327.26,337.88,360.41,385.01,409.64,429.33,455.96,481.58,496.86,526.87,553.58,542.52,566.82,587.96,564.68,545.69,537.23,522.46,491.96,474.36,474.65,471.47,442.99,421.34,407.5,389.62,358.76,335.01,314.11,298.6,285.11,270.51,241.56,218.51,196.01,170.68,148.7,135.21,117.72,97.19,80.92,70.32,61.08,54.74,46.61,41.88,42.16
41.28,42.46,45.9,51.72,59.92,70.19,82.68,97,113.56,131.91,151.02,173.33,196.01,221,248.47,275.57,305.51,336.82,357.79,370.71,394.49,418.11,436.6,451.74,471.06,484.17,489.57,494.4,500.71,506.69,507.38,507.71,507.71,506.38,503.73,492.94,487.72,488.64,484.17,475.44,457.65,430.13,401.94,374.8,349.43,321.18,296.21,269.67,244.72,222.7,201.06,180.76,159.79,141.44,123.31,107.22,92.68,78.85,66.78,57.02,49.52,44.03,40.9,39.44
40.4,41.31,44.74,50.52,58.41,68.42,81.08,94.75,110.72,128.88,148.12,168.37,191.18,214.35,236.04,260.9,284.01,308.15,331.46,355.61,379.91,402.71,429.33,455.12,495.62,534.94,549.25,543.08,541.55,545.13,532.25,524.7,510.71,507.38,510.63,513.35,523.99,522.21,489.61,486.85,474.54,448.73,425.04,390.85,363.85,337.88,308.15,285.11,262.42,240.64,208.95,181.51,159.46,141.15,121.79,105.47,90.62,77.89,66.92,58.29,50.12,43.67,39.41,38.88
40.64,43.61,47.32,52.53,59.57,68.83,81.4,96.81,116.41,135.71,152.77,173,193.41,209.37,226.38,243.71,266.36,288.45,312.83,335.01,356.57,378.07,400.22,412.9,431.58,445.18,459.73,468.63,478.35,489.93,494.45,491.72,494.72,506.38,507.67,509.46,508.72,483.04,465.13,449.13,435.7,416.39,395.01,370.43,350.12,322.46,298,274.63,251.8,229.14,206.05,182.62,162.76,143.76,125.08,108.09,92.87,78.85,67.33,57.25,49.92,44.11,41.06,40.08
40,41.55,45.45,51.52,59.92,70.19,82.52,95.69,110.5,127.1,145.21,165.4,185.97,208.12,231.9,255.34,281.25,306.36,330.82,354.24,373.35,391.16,413.96,430.63,446.5,459.69,473.72,483.9,493.91,504.72,507.38,507.71,504.71,498.43,497.82,492.94,484.86,476.51,462.41,452.64,434.85,413.15,390.39,368.97,344.62,322.46,300.99,277.39,253.32,230.06,208.12,187.83,166.39,147.54,128.12,111.59,95.87,82.04,70.19,60.15,52.73,47.06,43.61,42.08
40.4,41.88,46.34,52.73,61.31,72.09,84.92,100.19,116.41,135.21,153.06,171.01,194.9,218.09,237.88,257.87,274.08,293.22,313.47,336.39,358.76,379.61,404.26,425.57,442.99,453.34,469.99,470.54,483.21,487.96,499.42,502.71,502.71,502.41,514.57,532.8,552.62,519.41,486.89,463.16,428.94,401.03,382.69,357.3,331.58,308.98,295.02,273.53,255.34,231.9,208.54,187.09,174.98,156.54,134.7,112.03,101.88,83.48,71.82,63.17,52.33,40.64,37.28,40.96
42.16,42.62,44.92,50.62,59.69,72.77,87.64,102.07,118.16,137.23,156.54,173.66,193.41,213.52,236.5,260.4,280.7,300.39,321.82,345.31,361.68,380.38,401.03,415.43,429.83,451.53,473.72,488.68,486.13,437.68,455.65,494.72,502.71,478.53,513.59,474.46,446.68,453.2,425.23,392.99,387.57,358.18,387.31,358.76,260.19,285.85,281.88,301.65,266.97,183.13,174.47,188.95,173.99,157.12,105.84,82.27,101.69,83.8,76.85,51.79,34.85,52.67,45.01,45.12
41.28,42.46,46.08,51.93,59.92,70.46,82.68,97.37,113.56,131.15,150.73,171.34,193.04,215.6,238.34,261.91,285.66,309.95,333.38,356.98,379.18,400.4,420.43,439.92,456.15,472.38,483.04,493.45,504.6,514.57,517.33,516.7,514.71,513.35,506.69,499.74,495.36,483.97,466.94,447.37,428.94,410.73,388.85,366.78,343.94,322.46,299.79,279.04,256.86,233.74,211.86,189.69,168.37,147.54,127.86,110.28,94.75,80.92,69.78,59.34,51.52,45.27,41.72,40.4
41.6,42.13,46.88,56.04,63.75,73.72,85.72,101.31,117.06,137.99,162.06,185.54,201.59,219.34,239.26,262.42,284.01,296.21,310.26,326.09,355.85,385,401.84,427.25,446.5,466.03,473.72,469.59,450.16,447.54,464.6,477.73,482.72,481.51,473.17,477.38,479.13,467.19,456.06,444.74,433.16,413.15,388.08,355.12,337.76,321.82,320.1,291.73,262.92,236.5,217.26,192.29,164.74,141.73,120.27,102.62,91.93,80.76,68.28,57.36,49.11,43.76,40.32,38.8
41.76,41.47,44.65,49.62,58.18,71.27,86.36,101.88,117.28,131.41,148.99,165.73,188.95,210.61,230.98,250.79,270.77,300.99,319.25,359.04,379.91,396.55,422.05,444.14,466.67,480.54,482.11,497.27,521.13,504.72,516.33,511.71,489.72,491.46,492.89,501.69,488.68,462.53,437.02,421.94,424.72,415.58,380.38,331.78,319.22,323.11,305.17,273.53,236.63,239.72,223.08,194.15,173.33,145.5,140.52,112.47,94.75,82.68,68.83,49.82,43.99,43.05,42.95,40.4
41.2,40.4,45.45,53.83,60.62,69.1,70.05,85.37,109.84,126.09,142.02,150.88,196.01,222.25,234.66,260.4,276.84,295.61,295.49,314.42,379.91,387.31,345.24,350.42,507.9,486.89,488.64,468.63,640.72,485,453.66,474.73,504.71,372.08,416.98,461.82,537.35,517.55,434.3,564.92,456.81,447.11,352.66,371.89,270.48,268.51,281.88,306.06,299.33,246.63,259.22,189.32,139.32,134.18,119.76,100.22,90.81,99.64,74.67,61.78,50.82,36.81,38.67,35.2
41.28,42.29,45.9,51.72,59.92,70.05,82.2,96.62,112.47,130.65,150.44,170.68,192.67,214.77,238.8,263.43,286.76,311.14,335.31,358.36,381.37,401.94,423.67,443.3,458.78,476.01,486.77,500.13,510.44,510.63,515.34,530.7,539.69,532.25,517.53,501.69,481.04,463.46,455.15,445.62,429.79,429.33,408.87,387.93,354.92,332.1,310.54,302.2,307.42,269.17,227.65,200.85,180.92,161.48,144.83,126.25,106.94,90.84,73.99,59.69,50.82,45.01,41.55,40
41.44,42.54,46.25,52.03,60.27,70.73,82.84,97.37,113.34,131.41,150.73,171.01,193.78,216.01,238.34,259.39,282.9,308.15,334.67,362.47,392.31,421.96,450.35,472.01,478.08,481.45,486.77,487.72,494.88,497.82,497.43,502.71,512.71,517.33,527.39,525.99,511.58,494.23,485.07,473.69,443.3,409.11,381.15,358.76,338.45,317.97,302.18,279.59,254.83,239.72,219.34,197.13,175.97,152.48,131.41,113.34,100.19,96.92,83.24,68.63,55.84,47.59,45.75,47.6
40.64,41.47,44.65,50.42,58.29,68.28,80.44,94.56,110.72,128.62,147.25,168.37,188.95,212.28,236.04,260.9,287.31,313.53,339.17,361.79,382.1,403.48,426.9,440.76,454.39,472.38,489.57,503.95,516.27,516.55,511.36,520.7,529.7,533.25,535.28,534.74,521.13,496.1,478.73,467.55,461.03,430.94,395.01,388.66,385.82,364.86,344.58,314.34,275.06,244.78,224.32,203.45,179.6,156.83,137.48,110.28,99.44,94.2,78.21,63.4,55.34,51.42,45.26,43.12
41.12,42.87,46.43,53.03,61.31,72.77,87,103,123.19,146.35,169.03,190.82,223.17,262.13,298.62,319.55,324.26,335.03,393.77,440.74,430.95,425.81,439.84,483.83,494.74,494.14,489.57,482.95,489.05,541.19,558.12,532.7,516.7,505.39,533.3,524.05,512.54,511.02,485.07,449.13,422.19,389.71,352.66,312.82,293.14,278.14,269.93,254.23,236.63,214.42,193.17,175.19,158.14,137.08,117.74,103.28,89.31,77.25,66.51,57.36,50.02,44.2,40.65,38.88
41.28,42.46,46.08,51.83,60.03,70.32,82.84,97.19,113.56,131.41,150.73,171.01,193.04,216.01,239.26,263.94,287.87,312.33,336.6,361.79,387.93,410.41,430.94,447.52,460.53,473.29,485.84,495.36,503.63,508.66,515.34,518.7,523.7,525.29,524.43,518.21,507.77,496.1,477.82,454.39,437.39,420.43,400.4,374.8,346.68,324.39,302.18,285.11,270,248.93,221,193.41,168.7,146.67,127.1,109.19,93.06,79.01,67.06,57.13,48.81,43.76,40.57,39.6
41.92,43.2,45.99,51.72,59.57,69.78,81.88,97.56,115.31,134.7,156.25,179.6,202.71,226.82,251.23,267.98,287.87,312.33,334.03,356.3,380.64,405.79,442.26,454.27,456.15,460.59,473.72,478.18,491.96,504.72,509.37,505.71,502.71,503.4,499.79,491.96,478.18,473.72,460.59,442.99,415.43,389.71,366.52,356.57,337.07,313.47,296.81,275.18,251.3,230.52,208.54,186.34,165.4,146.38,125.33,110.28,94.94,80.28,68.15,57.83,50.62,44.92,41.47,39.92
41.36,42.95,47.06,53.33,62.94,75.22,87.8,100.56,115.97,133.94,155.38,180.59,204.2,225.57,250.31,274.05,295.04,327.26,341.09,356.98,385.74,410.41,432.56,477.07,521.06,527.69,534.33,520.17,519.19,510.63,500.42,487.72,485.72,482.51,483.03,481.27,473.41,471.85,471.47,459.65,439.92,438.22,425.04,408.35,394.74,370,330.25,302.76,273.54,246.17,217.26,187.83,161.77,139.7,121.28,105.25,89.87,77.41,70.19,63.17,53.63,46.43,45.01,43.68
40.48,41.64,45.1,50.82,58.52,68.69,80.92,95.31,111.37,129.13,148.41,168.7,190.06,212.69,235.12,259.39,283.45,306.96,331.46,353.55,376.26,397.32,415.58,434.01,450.01,464.22,477.45,484.86,490.99,494.86,497.43,499.71,502.71,504.4,501.76,497.8,489.63,480.24,466.94,450.88,437.39,425.28,406.56,382.83,359.04,333.38,306.36,281.25,255.85,233.28,211.03,189.32,169.03,149.28,130.14,112.03,95.69,81.4,69.37,59.92,52.13,46.7,43.53,42.8
41.12,42.38,45.9,51.62,59.69,69.78,82.04,96.44,112.69,129.89,149.28,169.36,191.18,213.94,236.5,259.89,283.45,306.96,330.17,353.55,374.8,396.55,415.58,434.01,451.76,466.03,479.31,490.59,500.71,507.67,512.35,514.71,515.7,511.36,508.66,500.71,491.54,480.24,466.03,450.01,434.01,414.77,395.01,374.8,352.18,329.53,306.36,283.45,259.89,236.96,213.11,191.92,169.36,149.28,130.14,112.25,96.44,82.2,69.91,59.8,51.72,45.81,42.38,41.04
