40.72,42.13,45.63,51.42,59.34,69.1,81.4,96.25,112.69,130.14,148.7,166.72,187.83,213.94,237.88,260.4,284.01,302.18,322.46,352.18,377.72,395.01,418.81,432.32,437.72,458.78,484.91,491.54,498.77,508.66,501.41,496.72,515.7,516.33,505.7,502.66,489.63,460.66,458.78,457.9,434.85,415.58,398.09,365.33,339.13,333.38,311.14,281.8,262.92,235.12,202.72,187.83,174.65,148.99,130.65,113.34,93.06,79.01,71.27,60.5,51.32,46.43,41.55,38.8
40.4,41.47,45.63,52.13,59.92,70.46,81.56,93.06,111.16,132.42,149.57,170.68,192.29,208.54,226.84,262.92,286.76,306.36,334.03,351.49,356.57,388.85,424.47,437.39,451.76,470.57,467.19,472.45,503.63,517.53,511.36,516.7,509.71,491.46,497.82,510.44,496.31,482.11,466.03,430.71,421.34,424.47,401.17,374.8,354.92,320.54,293.82,284.56,266.46,236.96,215.18,189.32,160.12,148.12,132.67,113.78,97,81.88,65.97,57.6,53.53,46.25,42.29,41.6
41.76,42.62,45.54,50.62,57.94,70.05,83.32,96.44,112.69,129.38,144.63,166.39,194.9,216.01,236.04,258.88,274.08,299.79,334.67,356.98,376.26,397.32,405.88,417.12,451.76,475.1,481.18,491.54,493.91,484.02,510.36,525.7,513.71,513.35,505.7,479.32,476.27,493.3,472.38,450.01,434.85,400.22,381.92,381.37,359.73,331.46,308.15,275.18,249.27,238.8,218.51,191.92,170.68,147.25,123.05,112.25,99.63,82.52,69.91,59.22,48.81,45.72,43.36,41.28
41.6,42.29,45.72,51.72,58.76,68.15,82.2,97.56,112.03,129.89,148.41,165.07,189.32,215.6,237.42,259.89,283.45,299.2,321.82,355.61,378.45,395.78,416.39,428.94,433.34,466.94,486.77,490.59,501.69,505.7,490.47,503.71,521.7,514.34,505.7,501.69,480.09,460.66,466.03,459.65,434.01,416.39,394.24,363.14,344.62,337.88,309.35,283.45,260.9,229.6,206.46,193.41,171.67,149.86,131.15,110.5,91.93,82.36,70.87,59.92,52.13,45.72,40.32,40.16
40.08,41.39,46.08,52.03,59.8,70.05,80.92,93.43,112.69,131.41,149.86,170.35,190.06,206.05,231.44,263.94,286.21,307.56,331.46,345.31,362.41,398.86,422.05,434.85,451.76,462.41,463.46,485.81,506.55,510.63,513.35,513.71,498.71,496.44,508.66,507.52,494.4,481.18,458.78,432.46,430.63,422.86,398.86,376.26,350.8,317.97,300.39,287.31,262.42,238.34,214.77,187.46,162.76,149.28,131.91,113.34,97.19,81.4,67.46,58.06,52.53,46.43,42.46,41.2
40.56,41.23,45.63,52.33,59.22,70.19,82.2,93.25,110.94,132.17,149.57,169.03,193.41,208.95,227.76,263.43,286.21,303.97,334.67,350.8,358.76,391.93,426.09,429.79,453.51,471.47,461.59,478.18,509.46,507.67,509.37,522.7,504.71,489.47,511.62,504.6,488.68,484.91,465.13,428.95,428.1,423.67,396.55,376.26,356.3,321.18,294.42,286.76,263.43,235.58,216.43,189.69,162.43,148.41,132.67,112.69,97,82.36,66.51,58.52,52.63,45.99,42.46,41.52
40.24,41.55,46.16,51.83,59.8,69.64,80.28,94,113.34,130.9,148.7,171.01,189.32,206.88,233.28,263.94,283.45,307.56,330.82,341.88,363.14,398.86,419.62,431.48,453.51,460.59,459.73,489.63,507.52,505.7,513.35,513.71,489.72,499.42,515.56,499.74,490.59,482.11,455.15,428.95,435.7,422.05,395.01,378.45,350.12,315.4,302.18,290.07,260.4,235.58,215.18,183.37,164.08,150.44,131.91,112.47,97.19,80.76,65.97,59.92,52.63,45.9,42.71,40.88
41.52,42.29,46.16,49.82,57.48,70.87,83.48,96.44,113.56,128.37,141.44,169.36,195.64,213.52,237.88,260.4,268.57,298.6,339.81,355.61,372.62,399.63,402.64,415.43,456.15,476.01,478.38,495.36,491.96,479.09,512.35,527.7,510.71,515.34,506.69,477.38,478.18,492.37,470.57,450.88,436.54,392.13,384.23,385.74,354.24,328.89,312.33,271.32,247.25,240.64,217.68,190.43,171.67,145.21,123.05,113.78,98.88,81.08,70.73,58.99,48.11,46.34,43.69,40.64
41.52,42.54,45.54,49.92,58.06,70.87,83.16,96.81,112.91,127.36,144.05,170.02,194.9,215.18,236.96,257.87,271.87,302.78,334.03,356.98,376.99,395.01,401.03,422.19,455.27,471.47,482.11,493.45,489.05,485.99,509.37,521.7,518.7,515.34,502.75,482.24,480.09,483.97,474.19,455.27,433.16,401.03,383.46,375.53,358.36,334.03,308.15,277.39,248.77,234.66,216.43,193.78,171.01,147.83,125.58,110.28,97.19,83.8,70.73,59.57,49.52,44.56,42.71,41.52
41.36,42.46,45.1,49.52,59.34,71,83.16,97.37,111.81,125.58,145.21,172,193.78,214.35,237.42,252.81,272.98,306.36,337.24,357.67,376.26,391.16,399.41,427.25,457.9,474.19,483.04,488.68,478.35,490.92,519.32,521.7,519.7,514.34,495.85,477.38,487.72,487.7,470.57,454.39,430.63,402.64,387.31,380.64,360.41,332.74,306.36,274.63,251.3,236.04,217.68,193.78,170.02,146.67,124.57,111.37,98.13,83.64,70.59,59.34,49.82,44.38,42.95,41.92
40.72,42.79,46.25,51.62,59.22,67.74,80.44,96.62,113.56,130.65,148.7,167.38,184.86,211.45,237.42,262.42,283.45,305.17,319.9,343.25,376.26,400.4,417.2,433.16,443.87,448.81,476.51,494.4,506.55,506.69,509.37,496.72,497.72,513.35,513.59,500.71,490.59,473.72,447.9,446.5,438.23,420.43,395.01,373.35,338.45,321.18,309.35,287.87,260.4,237.42,209.78,182.62,167.71,151.6,131.91,112.47,95.87,79.01,67.74,60.62,52.43,45.81,42.38,39.92
41.76,42.71,45.72,51.22,57.83,68.42,82.84,97.37,112.69,129.89,146.38,163.09,190.43,216.43,236.96,259.89,281.25,293.82,321.18,359.04,378.45,395.78,415.58,422.19,432.46,468.75,487.7,489.63,499.74,501.76,492.46,503.71,523.7,515.34,508.66,500.71,472.45,460.66,467.85,457.9,434.85,417.2,389.62,355.85,349.43,337.24,308.15,285.11,259.89,223.62,206.46,195.64,171.34,149.57,131.15,109.62,91.75,82.52,71.41,59.8,52.13,45.45,40.24,40.48
40.4,40.9,45.54,52.03,59.8,70.05,81.4,92.87,110.28,131.41,149.28,170.35,191.55,208.54,227.76,261.41,285.66,305.17,332.1,348.74,356.57,389.62,422.05,434.85,450.88,467.85,463.46,469.59,503.63,514.57,508.37,517.7,507.71,487.48,497.82,511.41,489.63,480.24,466.03,433.34,418.81,423.67,398.86,374.8,354.24,322.46,290.24,286.21,263.94,236.5,215.6,190.43,160.12,146.67,133.18,112.69,96.44,83,67.46,57.02,52.13,46.88,42.13,41.44
41.6,42.46,45.18,50.32,58.41,70.19,82.84,96.62,112.25,127.86,144.34,169.36,193.78,213.52,236.96,257.87,273.53,300.39,334.03,354.92,374.8,396.55,408.3,418.81,450.01,472.38,481.18,490.59,496.82,486.97,498.43,520.7,516.7,511.36,507.67,489.05,470.54,477.45,472.38,450.88,436.54,413.15,378.07,364.6,358.36,332.74,306.36,285.11,253.82,225.46,212.28,194.15,170.35,149.86,129.38,107.66,93.43,83.48,70.73,59.69,51.83,44.74,40.24,40.88
41.52,38.67,45.18,53.43,59.11,70.05,84.28,90.06,106.12,136.98,148.12,169.03,197.87,201.89,223.62,272.53,282.35,306.36,341.74,337.07,350.01,412.72,420.43,428.94,463.16,454.25,441.08,511.58,509.46,501.76,525.29,500.71,470.73,530.26,518.52,492.94,503.95,466.26,429.77,467.55,443.3,412.35,405.02,363.87,326.78,342.38,312.33,282.35,266.46,228.68,198.98,199.36,172,148.7,132.67,108.31,90.25,85.88,70.19,59.69,52.43,43.67,39.5,43.2
40.08,39.33,46.52,53.53,59.34,70.59,79.65,90.81,113.56,134.45,148.99,171.01,181.88,201.06,247.55,262.92,282.9,309.35,294.2,363.85,385.01,387.31,441.45,410.37,424.57,494.14,448.54,520.17,511.41,477.12,508.37,528.7,491.72,552.15,505.7,477.38,481.04,487.7,448.81,491.23,432.32,392.13,394.24,373.35,351.49,348.8,304.57,260.29,257.87,237.88,212.28,198.62,166.72,131.56,134.19,111.16,97.94,83.32,68.42,53.76,54.54,44.29,44.35,41.6
39.52,44.6,45.81,49.31,63.29,68.15,77.57,99.44,108.75,124.57,155.38,163.75,174.07,217.68,222.24,255.34,288.97,296.81,295.49,362.47,347.1,394.24,418.01,416.28,393.86,477.82,447.61,491.54,504.6,490.92,449.68,525.7,481.72,510.36,510.63,483.21,434.27,489.57,439.74,445.62,438.23,403.45,358.82,381.37,339.82,321.82,315.32,277.94,245.23,242.02,217.26,185.97,181.25,149.86,126.85,113.34,101.69,81.08,75.9,61.2,51.62,43.05,44.35,39.28
42.4,40.65,45.01,52.63,58.99,68.01,81.24,100.19,107.87,139,147.83,171.34,170.72,223.08,221.32,261.41,285.66,308.75,321.18,356.3,390.12,388.85,443.88,438.23,463.16,434.3,503.56,475.31,503.63,523.45,513.35,510.71,484.72,529.27,477.12,516.27,487.72,488.64,451.53,454.39,445.83,406.69,413.49,372.62,361.1,312.83,316.52,284.01,256.86,243.86,212.28,193.41,159.46,154.51,128.88,112.69,98.5,82.04,70.32,55.97,53.13,45.01,42.21,41.6
38.56,41.97,46.43,49.72,54.69,71.27,78.21,95.69,114.44,126.6,139.41,172.33,186.72,208.95,242.94,254.33,270.22,312.93,336.6,342.57,400.33,393.47,405.88,431.48,475.44,453.34,513.82,501.08,494.88,467.26,526.28,484.72,516.7,514.34,494.86,460.85,497.27,470.92,450.62,472.81,428.94,408.3,383.46,392.31,338.45,348.8,308.75,281.8,241.18,241.56,209.78,187.09,177.62,148.12,129.13,105.9,100.19,77.73,71.55,59.92,51.12,44.2,42.38,42.32
39.52,43.2,47.5,50.52,53.88,69.37,78.53,96.62,116.19,128.37,137.66,169.69,184.48,206.05,244.78,256.35,268.57,314.13,330.17,338.45,393.03,388.08,401.03,441.61,471.06,456.06,516.61,494.4,492.94,500.77,548.17,511.71,567.68,533.25,513.59,472.52,511.58,467.19,477.82,465.8,430.63,388.09,401.94,367.51,339.13,341.74,299.2,272.43,253.82,243.86,203.55,200.48,169.69,146.38,119.25,114.22,91.75,80.44,71,58.52,49.92,45.99,43.61,40.16
40.08,44.52,45.27,49.62,59.57,69.91,78.69,100.38,110.28,125.84,146.67,174.98,182.25,221.83,235.12,252.81,267.46,320.1,322.46,366.59,379.91,386.54,380.01,437.39,435.09,455.15,496.1,481.04,484.18,505.7,524.29,491.72,538.69,508.37,497.82,465.71,502.99,463.46,469.66,461.41,426.41,396.98,398.86,377.72,339.82,346.23,305.17,280.15,241.69,240.18,206.88,191.18,174.98,147.54,127.61,110.94,100,80.28,73.18,60.38,51.52,43.58,42.62,41.2
42.32,40.24,46.16,52.03,60.15,68.55,78.69,99.44,107.22,133.43,149.28,171.67,185.6,208.54,242.94,250.28,291.73,308.15,335.31,344.62,366.78,406.56,401.84,446.67,452.64,474.19,469.99,478.18,513.35,489.93,524.29,516.7,523.7,503.4,489.93,512.38,475.31,487.7,468.75,458.78,428.94,397.79,402.71,363.87,354.92,332.1,309.35,282.9,249.27,239.72,210.2,190.81,170.68,149.57,130.4,108.75,97,82.2,69.23,60.38,51.72,46.16,41.39,40.88
41.36,41.47,45.81,52.13,59.92,69.37,79.33,96.06,111.81,128.37,149.86,169.03,191.18,209.37,231.44,258.37,279.04,304.57,330.17,352.18,368.97,384.23,410.73,430.63,446.5,466.94,478.38,488.68,492.94,495.85,508.37,508.71,510.71,512.35,506.69,497.8,485.81,481.18,473.29,454.39,439.92,418.01,395.01,371.89,348.74,329.53,304.57,280.7,258.88,233.74,210.61,187.46,167.05,148.12,128.62,111.16,94.56,80.13,67.87,58.06,50.82,45.54,42.54,41.6
41.28,42.21,47.86,52.13,60.96,67.6,83.16,98.31,109.41,133.69,148.99,171.67,187.83,207.29,241.56,250.28,285.66,306.96,330.17,346.68,352.2,396.55,404.26,426.41,451.76,459.69,476.51,469.59,492.94,506.69,496.44,517.7,514.71,514.34,499.79,479.32,492.49,469.05,465.13,451.76,434.01,413.96,383.46,373.35,353.55,325.68,309.95,285.66,263.43,233.74,207.71,191.18,167.71,148.12,130.14,112.25,95.5,79.97,68.69,59.34,50.82,45.54,42.21,41.04
41.76,41.23,45.36,51.83,58.06,70.46,81.88,97.56,110.94,125.33,151.6,168.7,191.55,214.77,237.88,262.92,276.84,300.39,329.53,346,376.26,396.55,421.24,434.01,442.11,471.47,482.11,490.59,505.57,509.65,516.33,502.71,498.71,508.37,495.85,494.88,486.77,477.45,461.5,436.85,429.79,411.54,388.85,371.89,349.43,327.6,299.2,274.63,256.86,231.9,211.45,190.06,169.03,147.54,127.1,111.59,95.87,81.56,69.78,59.92,51.62,45.27,41.55,40.8
41.28,41.47,48.93,52.03,60.03,63.93,84.28,94.56,110.5,137.48,149.28,170.02,176.3,218.09,226.38,254.33,293.93,305.77,330.82,330.89,387.93,382.69,409.92,448.36,448.25,462.41,446.67,501.08,481.27,499.79,529.27,513.71,515.7,481.51,521.48,490.02,486.77,497.96,464.22,450.88,405.3,424.47,387.31,366.05,365.22,328.25,304.57,264.15,261.91,232.82,207.71,199.36,170.35,150.44,124.83,114,98.31,81.72,73.99,60.73,52.23,44.29,41.88,41.6
40.8,41.97,45.36,51.22,59.22,69.37,81.56,95.5,111.59,129.13,148.12,168.37,189.69,212.28,234.66,257.87,281.25,304.57,327.6,350.8,372.62,392.7,412.35,430.63,448.25,463.31,476.51,487.72,495.85,502.75,508.37,509.71,508.71,507.38,502.75,496.82,486.77,475.58,462.41,446.5,430.63,412.35,393.47,372.62,350.12,327.6,303.97,281.25,257.36,235.12,211.86,190.06,168.37,148.12,129.13,111.59,95.5,81.56,69.37,59.22,51.22,45.45,41.88,40.8
41.52,42.38,45.54,50.62,58.41,70.19,82.68,96.25,113.13,129.38,145.21,166.39,192.29,214.35,236.5,262.92,280.7,295.02,325.68,357.67,374.8,396.55,418.81,427.25,433.34,464.22,486.77,489.63,501.69,509.65,497.43,491.72,516.7,521.31,507.67,501.69,490.59,459.73,451.53,456.15,441.61,413.96,398.09,372.62,337.76,322.46,314.72,284.56,259.39,238.8,208.12,181.14,170.02,153.06,130.9,112.91,96.62,78.21,67.46,60.62,52.63,45.72,42.54,40.64
39.28,39.74,47.59,52.43,59.22,71.27,76.77,90.25,119.69,128.12,151.89,170.35,161.05,233.88,230.52,252.31,308.27,280.09,282.64,391.31,338.35,425.04,422.05,411.21,430.71,486.89,450.4,521.13,512.38,470.21,514.34,527.7,480.72,574.04,495.85,469.6,505.86,475.58,443.37,510.53,420.5,381.62,408.1,360.95,347.37,355.87,291.43,254.78,263.43,230.98,215.6,200.85,158.14,128.08,138.24,108.53,100.94,83.8,65.42,57.13,55.24,44.47,45.17,40.88
40.8,41.97,45.36,51.32,59.22,69.51,81.72,95.87,111.59,129.38,148.12,168.37,190.06,211.86,234.66,258.37,281.8,305.17,327.6,350.8,372.62,392.7,413.15,430.63,448.25,462.41,475.58,486.77,495.85,502.75,507.38,510.71,509.71,508.37,503.73,496.82,487.72,474.65,460.59,446.5,431.48,414.77,395.01,371.16,346,321.82,304.57,288.97,262.42,233.28,208.54,184.86,169.36,151.6,131.15,112.25,95.31,79.01,68.42,60.27,52.33,46.08,42.05,40.16
40.8,41.97,45.45,51.12,59.11,69.37,81.4,95.69,111.59,129.13,148.12,168.37,189.69,211.86,234.2,257.87,280.7,304.57,327.6,350.8,371.89,393.47,412.35,430.63,447.37,462.41,475.58,485.81,495.85,501.76,507.38,510.71,509.71,507.38,502.75,495.85,486.77,475.58,462.41,446.5,430.63,412.35,392.7,371.16,350.12,327.6,304.57,281.8,257.87,234.66,211.86,189.32,168.04,147.83,128.88,111.37,95.5,81.4,69.23,59.11,51.12,45.45,41.88,40.8
40.24,41.14,45.54,52.03,59.57,69.91,81.24,93.25,110.06,131.15,149.28,169.36,190.81,208.95,228.22,259.39,285.66,306.36,331.46,349.43,359.49,388.08,419.62,434.01,450.88,467.85,467.19,470.54,501.69,511.62,507.38,518.7,510.71,487.48,495.85,505.57,491.54,480.24,469.66,439.48,413.74,416.39,400.4,373.35,356.3,328.89,292.03,276.29,263.94,237.88,213.94,192.67,165.07,142.31,130.9,114,96.06,83.32,69.23,56.09,50.72,46.61,42.46,41.36
40.56,41.72,45.18,50.82,58.76,68.83,80.92,94.94,111.16,128.12,147.25,167.71,188.95,211.45,234.2,257.36,281.25,304.57,328.25,350.8,371.89,392.7,413.15,430.63,448.25,462.41,476.51,487.72,497.8,504.72,510.36,512.71,512.71,510.36,505.7,498.77,490.59,478.38,465.13,450.01,433.16,414.77,395.01,373.35,351.49,328.89,306.36,283.45,260.4,236.5,212.28,188.95,168.7,150.44,131.91,113.13,95.69,80.13,68.96,60.73,52.03,46.25,42.38,40
40.72,41.88,45.36,51.12,59.22,69.37,81.4,95.12,111.16,128.88,148.99,169.36,189.69,208.12,231.44,260.9,286.21,307.56,329.53,341.19,365.33,401.94,415.58,434.01,456.15,457.87,461.59,490.59,506.55,502.75,515.34,512.71,484.72,507.38,515.56,497.8,491.54,483.04,449.71,434.22,443.3,417.2,391.93,382.1,347.37,313.47,306.36,290.62,255.34,238.8,216.85,178.9,164.41,154.22,129.38,111.37,99.81,79.33,65.29,61.54,52.23,44.56,43.61,40.96
40,41.8,46.08,51.62,59.57,69.78,80.28,94.37,112.69,131.15,148.99,169.03,188.58,206.88,235.12,261.91,284.01,306.96,328.25,343.94,366.78,398.86,419.62,434.01,450.01,455.15,464.39,488.68,506.55,507.67,511.36,507.71,496.72,504.4,511.62,503.63,491.54,477.45,452.43,439.48,434.85,420.43,396.55,374.8,346.68,318.61,303.97,286.76,261.91,236.96,212.28,184.86,165.4,150.73,131.66,112.91,96.62,80.6,67.33,59.34,52.23,46.08,42.46,40.72
40.24,41.47,45.9,52.13,59.69,68.96,79.17,95.12,113.34,130.14,149.86,169.69,185.6,206.46,238.34,261.91,282.9,308.15,324.39,338.45,374.08,401.94,413.96,436.54,449.13,443.37,470.92,498.22,499.74,506.69,514.34,496.72,492.72,518.32,509.65,496.82,496.31,471.85,442.46,448.25,441.61,413.15,397.32,376.26,332.27,323.75,314.13,283.45,260.4,238.34,206.05,182.25,173.33,151.02,129.38,114.44,94.75,77.25,70.19,61.2,51.32,46.16,42.46,38.72
39.6,42.54,46.25,51.62,60.62,69.78,78.37,94.56,115.09,130.14,150.15,171.67,185.6,204.38,241.56,262.92,282.35,313.53,326.32,333.64,371.89,407.33,412.35,440.76,453.51,443.37,464.39,503.95,501.69,505.7,521.31,498.71,486.72,522.3,515.56,497.8,501.08,472.78,441.55,449.13,446.67,414.77,399.63,376.99,328.84,325.03,317.11,281.8,262.42,238.34,202.72,183.74,174.98,150.73,129.38,114.44,92.87,78.37,71.95,60.38,51.52,46.52,41.23,38.48
42,42.38,42.78,50.72,61.08,69.23,82.36,98.31,107.87,123.31,153.06,169.69,190.06,218.92,231.9,243.71,286.21,313.53,323.75,360.41,379.18,360.36,413.96,450.05,441.23,470.57,484.91,462.91,474.46,528.38,512.35,508.71,529.7,488.48,477.12,513.35,496.31,473.72,479.63,442.11,398.55,425.28,405.79,368.97,360.41,326.96,288.45,278.49,271.01,233.28,214.77,194.15,155.5,145.8,137.23,109.41,97.37,83,63.93,58.76,53.43,45.36,42.46,41.6
41.36,42.54,45.9,51.83,59.8,70.05,82.52,96.62,112.47,130.14,148.7,169.03,190.06,211.86,234.66,257.36,280.7,303.38,326.32,349.43,371.16,392.7,412.35,430.63,447.37,462.41,476.51,488.68,497.8,505.7,510.36,512.71,513.71,511.36,506.69,499.74,490.59,479.31,466.94,451.76,434.85,415.58,395.78,373.35,352.18,330.17,308.15,284.01,258.37,232.82,210.61,192.67,171.01,149.86,129.13,108.75,95.5,83.32,69.1,60.5,51.52,44.56,41.64,41.44
41.52,42.38,45.9,50.52,57.71,70.19,83.32,96.62,112.91,128.88,144.05,167.05,194.9,214.35,237.42,260.9,273.53,297.4,335.31,356.98,374.08,400.4,408.3,414.59,452.64,474.19,479.31,494.4,498.77,484.02,499.42,527.7,513.71,514.34,509.65,480.3,471.5,487.7,472.38,447.37,440.76,408.3,374.99,376.99,360.41,329.53,309.35,283.45,247.25,230.06,221,190.43,170.02,151.02,124.57,107.66,98.31,83.64,69.37,60.62,50.52,43.13,42.62,42.08
41.6,42.29,45.99,50.92,57.13,69.51,83.32,96.25,113.34,130.4,143.76,165.4,194.15,213.94,236.04,262.92,277.94,296.21,329.53,360.41,371.89,400.4,416.39,411.21,442.11,476.01,478.38,489.63,506.55,491.9,483.5,525.7,516.7,507.38,514.57,495.85,459.09,475.58,478.73,445.62,437.39,418.01,379.61,358.76,361.1,332.1,304.57,289.52,254.33,225.46,212.28,197.13,167.38,151.02,130.9,104.59,94.75,84.76,69.64,59.69,52.43,44.03,40.32,42.24
40.48,42.87,45.27,51.93,60.5,68.28,79.33,97.37,113.13,129.13,152.48,168.7,181.51,212.28,240.64,256.35,286.76,310.54,317.97,340.51,382.83,394.24,412.35,444.99,442.99,441.55,480.24,499.18,488.07,516.55,515.34,484.72,498.71,527.28,499.79,498.77,504.9,465.32,439.74,458.78,440.76,407.5,406.56,374.08,324.03,328.25,315.92,277.39,261.91,240.64,201.89,183,176.63,148.7,129.64,115.97,93.62,77.25,71.55,60.96,50.82,46.97,41.97,38.56
40.48,41.64,45.01,50.72,58.87,68.96,81.4,95.5,111.16,128.37,147.25,167.71,189.32,211.86,235.12,259.39,282.9,305.77,329.53,352.86,375.53,396.55,416.39,434.85,450.88,466.03,479.31,488.68,496.82,503.73,508.37,510.71,512.71,511.36,506.69,499.74,490.59,479.31,466.94,452.64,435.7,416.39,396.55,373.35,350.8,328.89,306.36,283.45,259.89,235.12,210.61,188.2,169.69,150.73,130.65,112.03,95.12,79.49,70.05,60.15,51.72,46.16,41.88,39.92
41.92,42.13,46.08,51.72,57.6,68.15,83.64,96.81,112.03,131.66,146.38,162.43,192.67,216.01,235.58,262.42,282.9,292.03,323.75,359.73,375.53,395.78,419.62,423.88,429.83,472.38,488.64,484.86,506.55,503.73,483.5,504.71,530.7,508.37,511.62,506.55,471.5,463.46,476.91,454.39,433.16,420.43,388.08,352.93,358.36,336.6,306.36,288.42,259.39,223.16,208.95,197.87,169.03,150.15,131.66,107.66,92.87,84.28,70.73,59.57,52.33,44.92,39.74,41.84
38.56,43.04,46.34,51.12,60.73,70.05,75.33,95.69,115.53,128.88,149.86,172,181.88,203.97,244.78,260.9,282.35,313.53,322.46,329.52,385.74,402.71,413.96,443.3,446.5,438.83,472.78,513.49,490.99,512.6,515.34,471.73,506.71,527.28,506.69,499.74,496.31,449.47,447.9,466.67,434.85,413.15,402.71,357.3,335.7,341.09,311.14,281.25,265.45,229.14,199.81,195.64,174.32,147.25,133.18,110.06,89.87,83.96,71.68,59.57,52.23,45.36,39.17,41.68
41.6,42.21,46.08,51.42,57.94,68.42,83.16,97,112.03,131.41,147.25,163.09,189.32,217.26,236.04,260.4,285.11,299.2,317.33,356.98,379.18,394.24,419.62,432.32,432.46,456.97,488.64,493.45,500.71,510.63,502.41,491.72,515.7,520.31,507.67,502.66,494.4,461.59,452.43,458.78,438.23,413.96,401.17,371.16,337.76,325.03,317.11,283.45,260.4,239.26,206.88,182.62,171.34,152.77,129.13,114,96.44,77.57,68.55,61.31,52.03,45.63,43.04,40.24
40.72,41.88,45.27,51.02,58.99,69.23,81.24,95.5,111.16,128.62,147.54,168.04,188.95,211.03,234.2,257.87,281.25,304.57,326.96,349.43,371.16,391.16,411.54,429.79,446.5,462.41,476.51,487.72,498.77,505.7,510.36,510.71,509.71,507.38,504.72,499.74,492.49,475.58,456.97,440.36,436.54,420.43,397.32,373.35,344.62,320.54,308.75,286.21,259.39,238.34,211.45,184.11,167.71,152.18,130.14,112.47,97,79.65,67.87,60.62,52.23,45.63,42.71,40.64
40.8,41.88,45.45,51.22,59.22,69.37,81.72,95.87,111.59,129.13,148.12,168.37,189.69,212.28,235.12,258.37,281.25,303.97,327.6,350.12,373.35,394.24,413.96,428.94,443.87,461.5,482.11,494.4,497.8,499.79,493.45,507.71,519.7,512.35,507.67,497.8,477.22,466.26,469.66,455.27,434.01,416.39,390.39,361.68,347.37,335.95,306.36,284.01,260.4,230.52,205.21,192.67,172,148.41,131.15,111.81,91.93,80.76,71.41,59.8,51.62,46.16,41.39,39.36
41.52,42.29,45.45,50.22,58.41,70.46,82.84,96.06,112.47,128.12,144.34,169.36,194.15,213.94,236.5,258.37,272.43,300.99,335.31,354.92,374.08,396.55,406.69,417.12,451.76,472.38,479.31,492.49,495.85,487.96,500.42,525.7,514.71,511.36,510.63,484.18,471.5,484.91,472.38,449.13,438.23,410.73,378.84,369.7,359.73,332.1,306.96,285.11,248.26,230.06,216.43,193.78,169.03,150.44,127.61,106.56,96.81,83.96,69.64,60.15,51.42,43.76,41.31,42.32
40.8,42.71,46.08,51.12,58.29,68.01,82.84,96.81,111.81,131.15,148.41,162.76,188.95,216.43,236.04,260.4,284.56,298,319.25,356.98,376.99,393.47,419.62,427.25,432.46,465.13,487.7,487.72,501.69,505.7,487.48,505.71,522.7,511.36,507.67,502.66,474.36,460.66,474.19,454.39,430.63,422.86,390.39,356.57,350.12,337.88,305.17,284.56,261.41,223.16,209.37,196.01,169.69,148.99,131.66,109.19,91.56,83.8,70.87,59.11,52.43,45.27,39.91,40.96
40.56,41.39,45.36,52.33,60.15,69.51,80.6,93.62,113.13,130.9,149.57,171.67,188.2,203.55,236.96,264.44,281.8,311.14,328.89,335.01,373.35,401.94,413.15,439.08,452.64,447.9,466.26,503.95,497.8,507.67,519.32,498.71,490.72,524.29,509.65,495.85,501.08,471.85,441.55,450.01,446.67,409.92,402.71,376.26,328.84,328.89,315.32,280.15,263.43,238.8,202.72,184.86,176.3,148.41,129.89,115.09,92.87,78.05,71.82,60.27,51.12,46.97,41.31,38.56
40.64,41.72,45.18,50.92,58.99,69.23,81.4,95.87,111.81,129.64,148.7,168.7,190.43,212.28,235.58,258.37,281.25,304.57,328.25,350.8,371.89,392.7,413.15,431.48,448.25,463.31,476.51,487.72,496.82,503.73,507.38,509.71,509.71,507.38,501.76,494.88,486.77,474.65,462.41,446.5,429.79,410.73,391.93,371.89,350.12,327.6,303.97,281.25,257.87,234.66,212.69,190.43,168.37,147.83,128.37,111.81,96.81,82.52,69.51,58.41,50.12,45.72,43.04,41.36
40.64,41.72,45.18,50.92,58.76,68.69,80.76,94.94,110.94,128.37,147.25,167.38,188.58,211.03,234.2,257.87,282.35,305.17,326.32,348.74,371.89,395.78,416.39,434.01,445.62,456.06,472.78,494.4,502.66,509.65,507.38,498.71,503.71,516.33,505.7,505.57,494.4,469.99,452.43,451.76,437.39,415.58,402.71,371.89,339.13,323.11,311.14,280.15,260.9,238.8,207.29,183.74,169.36,150.15,128.62,114.66,96.44,78.21,68.01,61.2,51.02,45.9,43.36,40.08
41.6,42.38,45.36,50.42,58.06,70.32,82.68,95.87,112.91,129.89,143.76,166.06,193.41,215.18,235.58,259.89,277.39,295.61,331.46,357.67,374.08,396.55,411.54,418.81,441.23,476.01,482.11,487.72,501.69,490.92,493.45,518.7,522.7,508.37,509.65,492.94,466.72,478.38,475.1,450.01,434.85,417.2,375.76,364.6,359.73,332.1,306.36,286.21,254.33,223.62,213.94,194.9,169.69,150.44,129.64,108.09,93.06,84.6,70.73,59.57,52.03,44.29,40.32,41.6
40.56,41.31,45.36,52.23,59.92,69.51,80.76,93.62,112.25,131.66,148.41,170.68,190.81,206.46,230.98,263.43,284.56,306.36,332.74,346,360.95,395.78,422.05,431.48,454.39,464.22,456,481.04,509.46,507.67,510.36,518.7,499.71,486.49,514.57,505.57,488.68,484.91,462.41,421.94,428.94,426.09,393.47,376.26,356.3,319.25,287.85,290.07,261.91,234.66,216.85,190.81,157.15,146.96,134.19,111.59,97.37,83.16,67.33,55.74,53.23,46.43,42.05,42.08
40.8,42.05,45.36,51.32,59.22,69.51,81.56,95.69,111.59,129.13,148.12,168.37,189.69,212.28,234.66,258.37,281.8,304.57,328.25,350.12,371.89,393.47,412.35,431.48,447.37,461.5,474.65,486.77,497.8,506.69,508.37,504.71,499.71,508.37,513.59,501.69,486.77,467.19,451.53,453.51,437.39,413.96,397.32,370.43,339.13,326.32,312.33,283.45,260.4,236.04,206.05,185.23,171.67,150.44,129.89,112.91,94.37,78.69,70.19,60.5,51.42,45.99,41.8,39.44
40.72,41.64,45.01,50.72,58.52,68.42,80.28,94,109.19,126.34,145.5,166.39,189.69,212.28,234.2,257.36,280.7,304.57,328.25,351.49,373.35,394.24,413.96,434.01,450.01,466.03,480.24,491.54,500.71,506.69,511.36,513.71,513.71,511.36,505.7,498.77,489.63,478.38,465.13,450.01,433.16,413.96,395.01,373.35,351.49,328.89,305.77,282.9,258.88,236.04,213.11,190.81,169.36,148.99,129.89,112.25,96.25,82.04,69.78,59.45,51.52,45.72,42.21,40.96
40.72,42.05,45.81,51.42,59.34,69.78,81.72,95.69,112.03,130.14,148.99,168.37,189.32,211.86,236.5,258.37,281.25,305.77,329.53,351.49,372.62,395.01,413.96,428.1,445.62,465.13,477.45,486.77,496.82,505.7,509.37,510.71,511.71,510.36,504.72,496.82,487.72,476.51,465.13,450.01,430.63,409.92,391.93,375.53,354.24,329.53,302.78,278.49,259.89,237.42,211.86,189.69,170.35,149.57,128.88,110.94,96.44,83,69.78,58.87,50.42,45.9,42.54,40.96
40.48,42.46,46.08,51.42,59.45,69.1,80.28,96.06,113.34,130.14,148.7,168.37,186.72,210.2,238.34,261.91,282.35,306.36,323.75,343.25,374.8,401.17,415.58,433.16,447.37,451.53,475.58,496.31,503.63,505.7,510.36,498.71,501.71,514.34,513.59,500.71,489.63,473.72,448.81,447.37,441.61,418.01,395.78,374.08,341.19,321.82,311.14,287.31,260.4,236.96,209.37,184.48,170.02,152.77,130.9,112.47,96.06,79.17,68.28,60.73,52.43,45.72,42.38,39.84
40.4,41.23,45.63,52.43,59.92,70.05,81.08,93.25,111.81,131.66,149.86,169.36,191.55,207.29,230.98,262.42,287.31,305.77,330.82,348.06,361.68,395.01,423.67,434.85,450.01,466.03,462.53,476.27,509.46,510.63,508.37,516.7,500.71,491.46,510.63,509.46,488.68,481.18,463.31,430.71,428.1,422.05,400.4,374.8,354.24,318.61,295.61,286.21,264.95,236.5,214.77,188.58,161.44,148.7,133.69,112.69,96.81,82.36,67.06,57.48,53.03,46.43,42.13,41.6
40.32,41.88,46.25,52.03,59.34,68.42,80.13,96.06,113.56,129.64,150.15,169.36,184.86,209.37,239.26,260.9,282.9,308.15,322.46,339.82,378.45,401.17,411.54,438.23,449.13,446.09,472.78,501.08,499.74,505.7,516.33,496.72,496.72,516.33,514.57,494.88,494.4,473.72,444.27,447.37,444.14,413.96,396.55,375.53,336.39,321.18,314.72,285.11,258.88,239.72,208.12,181.14,171.67,152.48,128.88,114,96.62,78.05,68.55,61.43,51.62,45.81,43.04,39.52
40,42.54,46.25,51.52,59.69,69.1,79.65,95.5,114,130.4,149.28,169.69,185.23,207.71,239.72,262.92,282.35,308.75,325.68,339.13,373.35,401.94,416.39,434.85,451.76,449.71,466.26,498.22,504.6,504.72,513.35,505.71,490.72,511.36,515.56,498.77,492.49,478.38,445.18,440.36,443.3,418.81,395.01,376.99,343.25,316.68,308.15,289.52,258.88,237.88,212.69,183.37,166.06,152.77,130.65,111.81,97.56,79.01,67.06,60.62,52.33,45.45,42.87,40.56
41.52,42.38,45.9,50.62,57.6,70.32,83.48,96.62,112.91,129.38,143.76,166.39,194.15,215.6,236.04,260.4,275.18,296.81,331.46,359.73,375.53,396.55,409.92,414.59,447.37,473.29,482.11,492.49,498.77,484.02,498.43,522.7,518.7,512.35,510.63,488.07,469.59,481.18,476.01,450.01,436.54,413.96,381.15,364.6,361.1,332.74,306.96,285.66,250.79,228.22,216.01,194.53,170.35,150.73,128.12,106.56,96.44,83.8,70.32,60.15,51.52,43.67,40.9,42.24
41.76,42.13,45.72,51.93,57.25,68.42,83.8,96.62,111.59,130.9,145.8,163.75,192.29,217.26,233.74,261.41,281.8,292.63,328.89,359.04,373.35,395.01,418.01,412.9,440.36,476.91,479.31,485.81,507.52,490.92,491.46,521.7,522.7,504.4,511.62,494.88,462.91,483.04,476.01,447.37,435.7,417.2,378.84,365.33,365.22,330.17,306.36,287.87,247.25,228.68,219.34,193.04,168.37,151.6,126.85,107,97.37,84.92,68.96,60.62,51.12,42.78,42.62,42
39.36,41.72,46.7,51.52,59.69,70.19,79.97,92.5,113.56,131.91,148.12,171.01,190.06,202.31,232.36,265.96,282.9,306.96,333.38,342.57,357.3,400.4,421.24,429.79,456.15,465.13,452.27,481.04,513.35,505.7,511.36,520.7,499.71,484.5,512.6,509.46,485.81,485.84,466.94,426.32,423.88,426.09,397.32,374.08,357.67,321.82,289.64,286.21,265.45,234.66,216.01,191.55,159.46,145.21,133.69,113.13,96.44,83.16,68.01,56.32,52.33,46.79,41.64,41.68
40.8,41.97,45.45,51.32,59.34,69.51,81.72,95.69,111.59,129.13,148.41,168.37,189.69,211.86,235.12,258.37,281.8,305.17,327.6,350.8,372.62,393.47,413.15,431.48,448.25,464.22,477.45,487.72,497.8,504.72,509.37,511.71,510.71,508.37,503.73,496.82,487.72,476.51,463.31,448.25,431.48,412.35,393.47,371.89,350.8,328.25,305.17,281.8,257.87,235.12,212.28,190.06,168.7,148.41,129.13,111.59,95.69,81.56,69.23,59.22,51.22,45.45,42.05,40.8
40.8,41.97,45.63,51.52,59.34,69.23,80.6,95.5,112.91,130.65,148.7,166.72,186.34,212.69,238.34,258.37,282.35,306.96,321.82,343.94,376.99,398.86,413.96,433.16,442.99,452.43,480.24,495.36,497.8,506.69,508.37,497.72,503.71,519.32,509.65,496.82,491.54,466.26,452.43,453.51,439.08,413.15,395.78,369.7,338.45,329.53,312.33,282.35,259.39,235.12,205.63,187.46,173,150.44,129.38,112.69,92.31,79.97,71.14,60.38,51.42,46.08,41.23,39.36
40.8,41.88,45.54,51.22,59.22,69.37,81.56,95.87,111.59,129.13,148.12,168.37,189.69,211.86,235.12,257.87,281.25,304.57,328.25,350.8,372.62,393.47,412.35,430.63,447.37,462.41,476.51,487.72,495.85,502.75,507.38,509.71,509.71,507.38,503.73,494.88,485.81,475.58,461.5,447.37,430.63,412.35,392.7,371.89,350.12,326.96,304.57,281.25,257.87,234.66,211.86,189.69,168.7,148.41,129.13,111.59,95.69,81.56,69.51,59.34,51.32,45.54,41.97,40.72
41.76,43.04,46.61,52.23,60.03,70.05,81.88,95.12,109.84,126.09,144.63,164.41,185.6,207.29,231.44,256.86,281.8,305.77,330.17,354.24,376.26,395.78,415.58,433.16,450.88,466.94,480.24,490.59,500.71,508.66,510.36,512.71,515.7,512.35,503.73,491.96,482.95,472.78,459.69,447.37,429.79,411.54,391.93,369.7,348.06,325.68,303.38,280.7,258.37,235.12,212.28,190.43,168.7,148.7,129.64,112.03,96.06,82.04,69.78,59.57,51.52,45.81,42.38,41.2
40.8,41.97,45.45,51.22,59.22,69.51,81.56,95.87,111.81,129.38,148.41,168.7,190.06,212.28,235.12,257.87,281.25,304.57,327.6,350.12,372.62,393.47,413.15,431.48,448.25,463.31,476.51,486.77,495.85,502.75,507.38,509.71,510.71,508.37,503.73,496.82,487.72,476.51,463.31,448.25,431.48,413.15,393.47,372.62,350.8,328.25,304.57,281.8,258.37,235.12,212.28,189.69,168.7,148.41,129.38,111.81,95.87,81.56,69.37,59.22,51.32,45.54,41.97,40.88
40.8,41.97,45.45,51.22,59.34,69.51,81.56,95.87,111.81,129.38,148.41,168.37,189.69,212.28,235.12,257.87,281.25,305.17,328.89,350.8,372.62,394.24,413.15,431.48,448.25,462.41,475.58,487.72,496.82,503.73,508.37,510.71,510.71,508.37,503.73,496.82,487.72,476.51,463.31,448.25,431.48,413.15,393.47,372.62,351.49,328.25,305.77,281.8,257.87,235.12,212.28,190.06,168.7,148.41,129.38,111.81,95.87,81.72,69.51,59.34,51.32,45.63,42.05,40.8
40.56,41.55,45.54,52.13,60.03,69.51,81.08,94.56,111.81,130.65,149.86,169.69,190.06,208.95,232.36,260.4,285.66,306.96,329.53,347.37,365.33,393.47,418.81,435.7,450.88,464.22,466.26,480.09,501.69,511.62,511.36,513.71,506.71,496.44,502.75,504.6,493.45,480.24,465.13,438.6,425.57,417.2,400.4,375.53,352.86,325.68,297.4,282.35,262.92,237.88,213.94,189.69,164.74,146.09,131.66,113.56,96.81,82.2,68.42,57.83,51.72,46.52,42.46,41.28
40.48,42.29,46.16,51.52,59.34,69.23,80.6,95.69,113.13,130.9,148.99,168.7,188.95,209.37,234.66,261.91,285.11,306.36,328.89,346.68,368.24,395.01,419.62,435.7,450.01,462.41,471.85,482,500.71,511.62,512.35,509.71,509.71,499.42,501.76,501.69,496.31,479.31,464.22,443.87,423.88,411.54,399.63,377.72,352.86,328.89,299.2,277.94,260.4,239.72,214.35,191.18,167.71,145.21,128.12,112.91,97.56,82.2,69.64,58.29,50.32,45.54,42.95,41.52
40.8,41.88,45.45,51.22,59.22,69.37,81.72,95.87,111.81,129.13,148.12,168.37,189.69,211.86,234.2,257.87,280.7,304.57,327.6,350.12,371.89,392.7,412.35,430.63,447.37,462.41,475.58,486.77,494.88,502.75,508.37,509.71,509.71,507.38,502.75,495.85,485.81,476.51,462.41,448.25,430.63,413.15,392.7,371.89,350.12,327.6,305.17,281.8,257.87,234.66,212.28,189.69,168.37,148.12,129.38,111.37,95.69,81.56,69.51,59.22,51.22,45.54,41.97,40.88
40.72,42.05,45.54,51.42,59.45,69.64,81.72,95.69,111.59,128.88,147.54,168.04,189.69,211.86,235.58,258.88,282.35,305.77,328.25,350.8,371.16,391.93,412.35,429.79,446.5,462.41,476.51,487.72,497.8,505.7,508.37,510.71,509.71,506.38,501.76,494.88,485.81,475.58,463.31,449.13,432.32,413.96,394.24,371.89,350.12,326.96,304.57,281.25,257.36,235.12,212.28,190.43,169.03,148.7,129.64,111.59,95.5,81.56,69.37,59.11,51.22,45.45,42.05,40.96
40.8,41.97,45.45,51.22,59.22,69.51,81.56,95.87,111.81,129.38,148.41,168.7,190.06,211.86,235.12,257.87,281.8,305.17,327.6,350.8,371.89,392.7,412.35,430.63,448.25,463.31,476.51,487.72,496.82,502.75,508.37,510.71,510.71,507.38,503.73,495.85,487.72,475.58,462.41,448.25,430.63,412.35,392.7,372.62,350.8,328.25,305.17,281.25,257.87,234.66,212.28,190.06,168.37,148.41,129.13,111.59,95.87,81.72,69.51,59.34,51.32,45.54,42.05,40.88
40.72,41.97,45.45,51.12,59.34,69.23,81.56,95.69,111.59,129.13,148.7,168.7,190.06,212.69,235.58,258.88,282.35,305.77,328.25,351.49,372.62,393.47,413.15,432.32,449.13,464.22,477.45,487.72,496.82,503.73,508.37,511.71,511.71,509.37,503.73,496.82,487.72,476.51,463.31,448.25,431.48,412.35,392.7,371.89,350.12,327.6,305.17,281.25,257.87,234.66,211.86,189.69,168.37,148.12,129.13,111.81,95.87,81.72,69.64,59.22,51.42,45.63,42.13,41.04
40.8,41.97,45.45,51.22,59.22,69.37,81.56,95.5,111.59,129.13,148.41,168.37,189.69,211.86,234.66,258.37,281.8,304.57,328.25,350.12,372.62,392.7,412.35,430.63,447.37,463.31,475.58,487.72,496.82,502.75,508.37,509.71,509.71,508.37,503.73,495.85,487.72,475.58,462.41,448.25,431.48,412.35,392.7,371.89,350.12,328.25,304.57,281.25,258.37,234.66,212.28,190.06,168.7,148.41,129.38,111.59,95.87,81.72,69.51,59.34,51.32,45.54,42.05,40.88
40.32,42.21,46.08,51.83,59.92,69.51,79.81,95.5,113.56,130.65,149.28,169.69,188.2,208.54,236.5,262.42,284.01,308.15,328.25,341.88,369.7,398.86,418.01,434.85,451.76,457.87,466.26,491.54,504.6,508.66,514.34,510.71,496.72,503.4,513.59,503.63,492.49,479.31,456.97,435.97,434.85,420.43,398.86,376.99,350.8,319.25,301.59,288.97,262.42,236.96,213.52,185.6,165.07,150.15,131.91,112.47,96.62,80.92,66.65,59.8,52.33,46.08,42.62,40.8
40,41.55,46.16,51.72,59.57,70.05,81.08,93.62,112.25,131.41,148.99,169.69,190.43,208.12,233.28,262.92,284.56,306.36,330.17,345.31,363.87,397.32,419.62,433.16,452.64,462.41,461.59,485.81,505.57,507.67,511.36,513.71,495.72,499.42,514.57,504.6,488.68,482.11,457.87,431.58,433.16,422.86,394.24,376.26,351.49,315.4,302.78,288.97,261.41,236.5,214.35,183.74,165.07,152.18,131.66,112.25,96.81,80.13,67.46,59.92,52.63,45.9,42.54,40.64
41.68,42.29,45.9,50.82,57.13,69.64,83.96,97,113.34,129.13,143.76,167.38,194.53,216.43,236.04,259.89,271.87,298.6,336.6,356.98,376.99,395.01,402.64,417.97,450.88,476.91,480.24,491.54,488.07,485.99,514.34,522.7,513.71,513.35,497.82,475.43,488.68,490.5,468.75,454.39,427.25,396.98,394.24,384.28,354.24,330.82,302.18,271.32,258.88,242.48,214.77,191.92,167.05,141.73,129.89,115.53,96.81,82.52,68.83,56.55,51.72,47.14,42.38,41.2
42.4,42.13,43.22,52.93,59.92,68.15,85.56,96.44,109.41,125.08,153.06,161.77,191.55,218.09,235.58,247.76,289.52,309.95,322.46,363.85,375.53,390.39,392.13,437.39,435.09,458.78,489.57,487.72,490.99,487.96,520.31,493.72,511.71,517.33,507.67,488.07,481.04,490.5,451.53,450.88,438.23,415.58,385,368.97,359.73,319.25,306.36,285.66,258.88,231.44,209.78,194.15,163.75,148.41,130.65,112.03,94.56,80.13,70.87,57.48,51.32,45.81,42.05,40.96
40.48,41.88,45.54,51.42,59.45,69.23,80.28,96.44,111.81,129.13,150.15,168.7,190.81,211.86,233.74,258.37,281.8,306.96,328.89,350.12,371.89,394.24,413.15,432.32,449.13,462.41,473.72,488.68,498.77,504.72,511.36,512.71,513.71,511.36,506.69,501.69,492.49,482.11,467.85,451.76,432.32,413.96,395.01,375.53,352.86,329.53,305.17,281.8,258.37,235.12,213.11,190.81,168.7,148.41,129.38,111.59,95.87,81.72,69.51,59.34,51.22,45.45,42.05,40.88
40.72,41.97,45.45,51.22,59.22,69.51,81.72,95.69,111.81,129.13,148.41,168.7,190.06,212.28,235.58,258.88,281.8,305.17,328.89,351.49,374.08,393.47,413.96,433.16,449.13,464.22,478.38,489.63,498.77,505.7,510.36,512.71,512.71,510.36,505.7,498.77,488.68,477.45,465.13,449.13,432.32,413.96,393.47,372.62,351.49,328.89,305.77,282.35,258.88,235.58,212.69,190.43,169.03,148.41,129.38,111.81,95.87,81.72,69.51,59.34,51.42,45.54,42.05,40.88
40.72,41.88,45.36,51.12,59.11,69.23,81.4,95.5,111.37,128.88,147.83,168.04,189.32,211.45,234.2,257.36,280.7,304.57,326.96,349.43,371.16,391.93,411.54,429.79,447.37,462.41,474.65,486.77,495.85,501.76,507.38,509.71,509.71,506.38,502.75,495.85,486.77,475.58,462.41,447.37,430.63,412.35,392.7,371.89,349.43,327.6,304.57,281.25,257.87,234.66,212.28,190.06,168.7,148.41,129.38,111.81,95.69,81.56,69.37,59.34,51.32,45.54,41.97,40.96
40.64,41.8,45.36,51.12,59.11,69.23,81.4,95.5,111.37,128.62,147.83,168.04,189.32,211.45,234.2,257.36,280.7,303.97,326.96,349.43,371.16,392.7,412.35,429.79,447.37,462.41,475.58,486.77,495.85,502.75,507.38,509.71,509.71,507.38,502.75,495.85,486.77,475.58,461.5,447.37,430.63,412.35,392.7,371.89,350.12,326.96,304.57,280.7,257.87,234.2,211.86,189.69,168.04,148.12,129.13,111.59,95.69,81.56,69.23,59.22,51.22,45.45,41.97,40.8
40.8,41.97,45.45,51.32,59.22,69.37,81.72,95.69,111.59,129.13,148.12,168.37,189.69,211.86,234.2,258.37,281.25,305.17,327.6,350.12,371.89,393.47,412.35,430.63,447.37,462.41,474.65,486.77,495.85,502.75,507.38,509.71,509.71,506.38,502.75,494.88,485.81,475.58,462.41,447.37,431.48,412.35,392.7,371.89,350.8,328.25,305.17,281.8,258.88,235.58,212.28,190.43,168.7,148.7,129.64,112.03,96.06,81.88,69.64,59.45,51.52,45.72,42.21,40.96
40.8,41.97,45.45,51.22,59.11,69.37,81.56,95.69,111.37,129.13,147.83,168.37,189.32,211.86,234.2,257.36,281.25,304.57,327.6,350.12,371.89,391.93,412.35,430.63,447.37,462.41,475.58,486.77,495.85,502.75,507.38,509.71,509.71,506.38,502.75,495.85,486.77,475.58,462.41,446.5,431.48,412.35,392.7,371.89,350.12,327.6,304.57,281.8,258.37,235.12,211.86,189.69,168.37,148.41,129.13,111.59,95.69,81.72,69.51,59.22,51.32,45.54,41.97,40.88
41.2,42.13,46.08,51.52,58.18,68.28,82.84,96.44,112.03,131.15,148.7,164.08,187.09,216.43,236.04,258.37,286.76,304.57,317.33,346,379.18,395.01,412.35,440.76,448.25,444.27,472.78,498.22,498.77,503.73,520.31,509.71,487.72,506.38,516.55,497.8,488.68,487.7,461.5,429.83,425.57,425.28,391.93,374.08,357.67,323.75,293.22,282.35,264.95,234.66,213.52,193.04,164.74,142.31,130.9,114.22,95.69,82.68,70.19,57.25,49.72,46.43,42.79,40.64
40.96,42.95,45.45,51.62,60.03,67.46,78.85,97.75,113.34,129.13,151.02,169.03,180.76,211.03,242.02,259.39,282.9,310.54,324.39,335.01,373.35,403.48,410.73,434.85,455.27,447.9,460.66,502.99,506.55,501.76,521.31,511.71,482.72,498.43,520.49,495.85,489.63,485.84,455.15,427.2,439.08,424.47,392.7,377.72,354.92,312.19,299.79,288.97,261.91,234.66,217.26,188.2,159.79,149.28,132.42,111.59,96.81,83.16,66.24,57.48,52.33,46.34,41.55,42
42.88,41.8,45.72,52.53,57.13,66.92,83.96,97.19,110.5,133.18,146.96,159.79,190.43,218.51,232.36,262.42,286.21,286.66,324.39,361.1,372.62,390.39,425.28,417.97,428.95,478.73,483.97,482.95,511.41,500.77,479.52,515.7,528.7,498.43,518.52,498.77,461,480.24,475.1,436.85,450.9,405.88,354.2,400.33,337.07,329.53,320.7,280.7,249.78,230.06,219.75,183,179.27,149.86,126.6,108.09,100.75,77.73,71.68,60.5,50.62,40.64,44.52,40.4
39.68,45.09,46.43,51.32,59.34,73.59,79.65,100,112.91,125.58,135.05,171.01,184.48,207.71,248.93,259.89,280.15,306.96,347.52,343.94,389.39,399.63,403.45,398.55,449.13,449.71,457.86,508.72,497.8,502.75,488.48,534.69,501.71,521.31,522.46,496.82,473.41,480.24,476.91,435.09,445.83,412.35,385,340.53,350.8,319.9,292.63,288.97,256.35,231.9,196.91,193.41,162.76,145.8,133.18,112.25,94.94,78.69,72.09,57.6,52.03,47.06,42.62,40.72
42.96,41.64,47.68,52.23,58.41,63.25,82.68,93.25,108.09,134.7,148.99,166.06,184.48,220.17,227.76,261.91,292.28,306.96,317.33,359.73,386.47,386.54,430.94,439.08,442.99,427.95,484.91,483.9,487.1,525.42,515.34,503.71,481.72,518.32,487.96,489.05,504.9,479.31,456.97,434.22,443.3,399.41,391.93,383.56,352.86,323.11,302.18,290.07,251.8,235.58,218.09,191.92,166.39,149.28,133.94,109.84,96.81,83.64,69.91,58.29,51.32,46.88,41.14,41.12
42.56,42.38,45.1,48.91,60.73,67.74,81.56,99.06,112.03,128.12,142.31,173.33,186.72,213.11,241.56,259.39,277.94,294.42,337.88,343.94,374.8,403.48,415.58,426.41,435.97,477.82,469.05,493.45,512.38,509.65,507.38,496.72,525.7,502.41,509.65,508.49,491.54,474.65,448.81,458.78,425.57,414.77,401.94,374.08,350.8,315.4,308.75,277.94,255.85,238.8,211.86,189.69,162.1,148.99,128.37,110.06,97.19,81.56,69.78,58.06,51.42,45.63,41.39,41.28
40.72,41.88,45.36,51.12,59.11,69.23,81.56,95.5,111.59,128.88,148.12,168.04,189.32,211.45,234.2,257.87,280.7,304.57,326.96,350.12,371.89,392.7,412.35,430.63,447.37,462.41,474.65,486.77,494.88,502.75,506.38,509.71,508.71,506.38,501.76,494.88,485.81,474.65,461.5,447.37,429.79,411.54,391.93,371.16,349.43,326.96,303.97,280.7,257.36,234.2,211.45,189.69,168.37,147.83,128.88,111.59,95.69,81.4,69.23,59.11,51.12,45.36,41.97,40.72
40.72,41.97,45.36,51.12,59.22,69.37,81.56,95.69,111.59,129.13,148.12,168.37,189.32,211.86,234.2,257.87,281.25,304.57,328.25,350.8,372.62,393.47,413.15,431.48,448.25,463.31,476.51,487.72,496.82,502.75,508.37,510.71,510.71,508.37,503.73,496.82,487.72,476.51,463.31,448.25,431.48,413.15,393.47,371.89,350.8,328.25,305.17,281.25,258.37,235.12,212.28,190.06,169.03,148.41,129.64,112.03,96.06,81.72,69.64,59.45,51.42,45.63,42.13,40.96
40.64,42.05,45.81,51.72,59.57,69.78,79.65,95.31,114,130.9,148.99,169.03,185.97,208.54,238.8,261.41,281.8,308.75,326.96,338.45,370.43,401.94,415.58,432.32,451.76,455.15,462.53,493.45,506.55,503.73,513.35,512.71,491.72,502.41,514.57,502.66,488.68,482.11,457.87,431.58,433.16,422.05,394.24,376.26,353.55,317.33,296.21,287.31,262.42,234.66,215.18,188.58,160.45,148.12,132.67,112.25,96.25,82.52,67.06,57.6,52.53,46.34,42.05,41.52
42.64,42.13,45.9,52.03,56.2,67.6,84.28,98.13,110.94,132.42,142.6,160.78,196.01,216.85,233.74,264.44,272.43,291.43,338.52,361.79,371.16,404.25,403.45,408.68,464.04,472.38,480.24,500.13,476.41,487.96,535.24,491.72,539.69,526.28,475.14,486.13,516.36,448.54,498.67,457.02,415.43,408.3,401.94,366.05,356.3,341.74,293.82,265.26,270.51,224.54,218.51,193.78,166.72,132.15,137.48,108.09,95.5,87,68.96,56.2,51.62,45.9,41.23,43.84
39.28,44.27,46.25,50.22,58.06,72.36,78.21,99.06,114,127.1,132.44,181.25,183.74,213.11,245.71,257.87,260.84,306.36,329.53,346.68,400.33,395.01,403.45,434.85,466.67,433.39,496.1,493.45,491.96,463.31,535.24,498.71,521.7,529.27,498.8,467.66,496.31,474.65,444.27,471.94,436.54,411.54,374.99,397.41,343.25,339.17,317.11,278.49,242.7,236.96,210.61,181.14,176.3,148.99,128.88,106.34,100.75,80.28,71.41,63.17,52.53,44.92,42.87,42.56
42.32,41.72,47.5,52.13,59.69,65.97,82.84,98.31,108.97,132.93,149.57,168.7,181.14,214.35,240.64,250.79,287.87,306.36,326.96,335.7,375.53,402.71,401.84,440.76,451.76,464.22,461.59,483.9,507.52,485.99,510.36,513.71,509.71,501.41,487.96,510.44,476.27,477.45,474.19,448.25,433.16,395.37,398.86,368.24,346,335.95,304.57,282.35,251.3,235.58,216.01,187.09,172.33,149.86,129.89,112.25,94.75,83.48,69.64,59.92,52.53,45.81,42.38,40
40.56,40.81,45.99,50.52,58.99,70.46,82.04,96.25,109.19,130.9,149.57,168.7,194.53,215.6,239.26,255.85,282.9,309.95,325.03,354.92,374.08,393.47,409.11,421.34,450.88,456.97,474.65,490.59,494.88,501.76,494.45,509.71,506.71,504.4,506.69,495.85,486.77,467.19,461.5,449.13,428.94,417.2,394.24,373.35,348.06,325.68,305.77,280.7,260.4,235.58,211.86,187.46,165.73,147.25,127.61,111.37,95.5,81.08,68.55,58.52,51.02,45.27,42.13,41.04
40.72,42.05,45.72,51.62,59.45,69.37,81.4,95.69,112.03,130.14,148.7,168.7,189.69,211.86,235.12,259.39,283.45,306.36,328.25,350.12,372.62,393.47,413.96,433.16,449.13,462.41,475.58,486.77,496.82,503.73,509.37,510.71,510.71,508.37,503.73,496.82,487.72,477.45,463.31,448.25,431.48,413.15,394.24,373.35,351.49,328.25,305.17,281.8,258.37,235.12,212.28,190.06,168.7,148.41,129.38,111.81,95.87,81.72,69.37,59.22,51.32,45.45,41.97,40.8
40.72,41.8,45.36,51.12,59.11,69.23,81.4,95.5,111.59,129.13,148.41,168.37,190.06,211.86,235.12,258.37,281.25,304.57,327.6,350.12,372.62,393.47,413.15,431.48,448.25,464.22,477.45,487.72,496.82,503.73,507.38,509.71,510.71,508.37,503.73,495.85,487.72,476.51,462.41,448.25,430.63,412.35,393.47,372.62,350.8,328.25,304.57,281.25,257.87,235.12,211.86,190.06,168.37,148.12,129.38,111.59,95.69,81.72,69.37,59.34,51.22,45.45,41.97,40.8
40.8,41.97,45.36,51.12,59.22,69.37,81.56,95.69,111.59,129.38,148.12,168.37,189.69,211.86,234.66,257.87,281.8,304.57,327.6,350.8,371.89,393.47,412.35,431.48,448.25,462.41,475.58,487.72,495.85,503.73,507.38,509.71,510.71,507.38,502.75,494.88,485.81,475.58,462.41,447.37,429.79,411.54,391.93,371.16,349.43,326.96,304.57,281.25,257.87,234.66,211.45,189.69,168.7,147.83,129.13,111.59,95.5,81.56,69.37,59.22,51.22,45.45,41.97,40.8
40.64,41.72,45.18,51.02,58.99,69.1,81.24,95.31,111.37,128.88,148.12,168.37,189.69,212.28,235.12,258.37,281.8,305.17,328.25,350.12,372.62,391.93,412.35,429.79,446.5,461.5,473.72,485.81,494.88,502.75,506.38,507.71,506.71,504.4,497.82,491.96,483.9,472.78,459.69,444.74,428.1,410.73,391.93,371.16,350.8,328.89,305.77,282.9,258.88,235.12,211.86,189.32,167.71,147.25,128.12,110.72,94.75,80.76,68.96,58.99,51.12,45.45,41.97,40.88
40.64,41.8,45.27,51.12,59.11,69.23,81.56,95.69,111.81,129.64,148.7,169.36,190.81,213.11,236.04,258.88,282.35,306.36,328.89,352.18,373.35,395.01,414.77,434.01,450.01,465.13,478.38,489.63,497.8,505.7,510.36,512.71,511.71,510.36,505.7,498.77,488.68,477.45,463.31,449.13,432.32,413.15,393.47,372.62,350.8,327.6,304.57,281.8,257.87,234.66,212.28,190.06,168.37,148.41,129.38,111.81,95.87,81.72,69.51,59.34,51.22,45.54,42.05,40.88
40.8,41.97,45.45,51.22,59.34,69.51,81.72,95.87,111.81,129.64,148.7,168.7,190.06,212.28,235.12,258.37,281.8,305.17,328.25,350.8,372.62,392.7,413.15,431.48,447.37,462.41,475.58,486.77,495.85,502.75,507.38,510.71,510.71,507.38,503.73,496.82,486.77,476.51,463.31,448.25,432.32,413.15,393.47,372.62,350.8,328.25,305.17,281.25,258.37,235.12,211.86,190.06,168.37,148.12,129.13,111.59,95.69,81.56,69.37,59.22,51.22,45.45,42.05,40.88
40.8,41.97,45.45,51.22,59.22,69.51,81.56,95.87,111.59,129.13,148.12,168.37,189.69,212.28,234.66,257.87,281.25,304.57,328.25,350.12,372.62,392.7,412.35,430.63,447.37,462.41,475.58,485.81,494.88,502.75,507.38,509.71,510.71,507.38,503.73,495.85,486.77,474.65,461.5,446.5,429.79,411.54,391.93,371.16,349.43,326.96,303.97,280.7,257.36,234.2,211.45,189.32,168.04,147.83,128.88,111.37,95.5,81.24,69.23,59.11,51.22,45.45,41.97,40.8
41.36,41.14,46.7,51.62,58.52,66.65,81.56,97.75,109.19,131.66,150.73,169.36,187.09,208.95,241.1,252.81,281.25,310.54,328.25,347.37,357.3,396.55,406.69,423.03,457.02,464.22,472.78,468.63,496.82,507.67,499.42,516.7,515.7,509.37,493.87,490.99,494.4,469.05,461.5,451.76,431.48,407.5,378.07,371.89,349.43,323.75,308.15,283.45,258.88,230.98,208.95,191.55,167.38,148.7,131.15,112.69,95.5,80.44,69.51,59.34,51.12,45.81,42.21,40.64
40.72,42.71,45.72,51.42,57.25,70.19,81.88,95.31,114,130.65,149.86,165.73,189.32,216.01,232.82,260.9,284.56,306.36,326.32,341.88,376.26,391.16,413.96,438.23,451.76,466.94,469.05,490.59,501.69,504.72,516.33,516.7,515.7,504.4,502.75,499.74,486.77,479.31,463.31,448.25,424.72,405.88,391.16,370.43,350.12,328.25,305.77,279.59,254.33,233.74,211.86,190.43,169.36,149.57,129.38,111.37,95.87,82.36,70.32,60.27,51.83,45.72,41.88,40.64
42.64,41.72,47.06,52.63,59.22,67.46,82.84,99.81,110.94,133.69,152.18,169.36,185.6,214.77,243.4,254.83,287.87,310.54,327.6,341.88,371.89,403.48,405.07,434.85,457.02,464.22,468.12,480.09,508.49,492.89,507.38,523.7,513.71,504.4,485.99,503.63,479.13,470.92,475.1,450.01,428.94,396.18,395.78,370.43,345.31,335.31,306.36,280.7,250.28,235.58,213.94,187.46,172,149.57,129.38,109.41,95.31,83.16,68.69,59.92,51.93,45.63,41.55,40.16
41.6,41.47,46.7,51.72,59.92,68.42,80.92,97.94,110.28,131.41,149.86,169.69,187.46,207.29,237.42,253.32,282.35,305.77,327.6,346,360.22,393.47,406.69,428.94,450.01,462.41,473.72,475.31,494.88,501.76,503.4,513.71,509.71,506.38,494.86,492.94,487.72,474.65,468.75,451.76,432.32,409.92,389.62,372.62,350.12,331.46,308.15,284.01,259.39,234.66,213.11,191.18,171.01,150.15,130.65,112.25,95.69,82.04,70.05,60.03,51.83,45.45,41.31,40.08
41.84,42.05,45.27,48.61,60.03,68.83,80.6,97.94,111.81,128.88,141.73,170.35,190.43,208.95,240.18,258.37,280.15,293.22,327.6,352.86,364.6,398.09,413.96,430.63,435.09,459.69,481.18,478.18,499.74,505.7,509.37,500.71,500.71,513.35,492.89,497.8,491.54,476.51,457.87,437.72,435.7,406.69,393.47,376.26,351.49,327.6,296.81,284.01,256.86,234.2,215.18,190.81,169.03,145.21,129.89,112.25,95.5,83,69.91,59.45,50.52,45.63,42.38,40.72
40.56,41.39,44.56,50.62,58.76,68.83,81.24,95.31,110.5,127.36,146.38,167.38,189.32,211.86,233.74,255.34,277.39,301.59,326.32,349.43,371.89,391.93,408.3,427.25,444.74,461.5,475.58,488.68,495.85,500.77,504.4,506.71,508.71,506.38,504.72,497.8,487.72,477.45,463.31,449.13,432.32,414.77,394.24,374.08,351.49,328.89,305.77,281.8,258.37,234.66,211.45,189.69,168.04,148.12,129.13,111.59,95.69,81.56,69.37,59.22,51.22,45.45,41.97,40.88
41.44,42.05,45.1,51.32,59.69,69.91,82.52,96.62,110.94,127.1,145.8,167.05,188.58,211.86,234.2,254.83,277.39,302.78,328.89,354.92,377.72,396.55,412.35,428.1,445.62,461.5,477.45,489.63,498.77,502.75,506.38,509.71,508.71,507.38,503.73,495.85,485.81,472.78,461.5,447.37,431.48,414.77,395.01,374.08,352.86,329.53,305.77,281.8,257.36,234.2,211.45,189.32,168.37,148.7,129.64,112.25,96.44,82.36,70.05,59.8,51.72,45.99,42.46,41.2
40.8,42.05,45.72,51.72,59.92,70.19,82.68,97.37,114,131.66,151.02,171.67,194.53,218.92,244.32,266.97,287.87,307.56,326.32,346.68,366.05,385,404.26,423.03,438.6,454.25,466.26,477.22,487.1,495.85,501.41,503.71,502.71,500.42,494.86,489.05,480.09,469.05,456.97,440.36,425.57,409.11,390.39,370.43,349.43,327.6,304.57,281.8,258.37,236.04,213.11,190.81,169.03,148.41,129.38,111.81,95.69,81.72,69.51,59.45,51.42,45.54,42.05,40.8
40.08,42.05,45.36,50.42,58.18,68.69,81.88,97.19,113.56,130.65,148.99,168.7,190.06,212.28,234.66,258.37,282.9,308.15,332.1,355.61,377.72,398.09,420.43,439.92,457.9,473.29,484.91,490.59,500.71,526.4,519.32,517.7,517.7,502.41,490.92,481.27,478.18,470.92,458.78,443.87,428.94,412.35,392.7,371.89,350.12,327.6,303.97,281.25,258.37,235.12,212.28,190.43,169.36,149.28,129.89,112.25,96.44,82.04,69.91,59.69,51.62,45.72,42.21,41.04
40.64,41.8,45.27,51.02,58.99,69.23,81.4,95.31,111.16,128.37,147.25,167.38,188.58,210.61,233.28,256.86,280.15,303.97,326.96,349.43,371.89,392.7,412.35,431.48,448.25,462.41,476.51,487.72,497.8,504.72,511.36,514.71,514.71,513.35,507.67,499.74,490.59,479.31,466.03,451.76,434.01,413.96,391.93,371.89,350.8,328.89,305.77,282.35,258.88,235.12,212.69,190.06,169.03,148.41,129.38,112.03,96.06,81.88,69.51,59.34,51.22,45.45,41.8,40.64
40.72,41.97,45.45,51.22,59.22,69.37,81.56,95.69,111.59,129.38,148.12,168.37,189.69,211.86,235.12,257.87,281.25,305.17,328.25,351.49,373.35,394.24,413.96,432.32,450.01,464.22,478.38,489.63,497.8,504.72,509.37,511.71,510.71,508.37,504.72,496.82,486.77,475.58,461.5,446.5,429.79,411.54,391.93,371.16,349.43,327.6,304.57,281.25,257.87,234.66,211.45,189.69,168.04,147.83,128.88,111.37,95.69,81.56,69.37,59.22,51.32,45.54,42.13,40.96
40.8,41.97,45.54,51.32,59.34,69.51,81.72,95.69,111.81,129.13,148.12,168.37,189.69,211.86,234.66,257.87,281.8,305.17,328.25,350.12,372.62,392.7,413.15,430.63,447.37,462.41,474.65,486.77,495.85,502.75,508.37,509.71,510.71,508.37,503.73,496.82,487.72,475.58,463.31,447.37,430.63,413.15,392.7,372.62,350.8,327.6,304.57,281.8,258.37,235.12,212.28,190.06,168.37,148.41,129.13,111.59,95.69,81.56,69.51,59.22,51.32,45.54,42.05,40.88
40.8,41.97,45.36,51.12,59.22,69.37,81.56,95.69,111.81,129.64,148.7,169.03,190.81,213.11,236.04,259.89,283.45,307.56,330.82,353.55,374.8,395.01,413.96,430.63,446.5,460.59,472.78,484.86,492.94,500.77,505.39,506.71,507.71,505.39,500.77,493.91,485.81,473.72,460.59,445.62,428.94,410.73,391.16,369.7,348.74,326.32,303.38,280.15,257.36,234.66,211.86,189.32,168.37,148.12,129.38,111.81,95.87,81.72,69.51,59.45,51.32,45.63,42.13,40.88
40.4,42.05,45.99,51.72,59.45,68.83,79.65,94.94,113.78,131.15,149.57,168.7,186.34,207.29,236.96,262.42,284.01,307.56,325.68,338.45,367.51,401.94,417.2,435.7,450.88,455.15,460.66,488.68,506.55,508.66,513.35,510.71,493.72,493.45,514.57,505.57,491.54,483.04,457.87,428.08,427.25,423.67,398.86,376.99,352.86,319.25,293.22,285.66,265.45,236.96,215.6,188.95,159.13,146.96,132.67,113.78,97,82.36,67.6,56.55,51.93,46.97,42.38,41.52
40.08,41.72,46.16,51.93,59.69,69.51,80.76,94,112.47,131.41,149.57,170.02,189.32,208.12,231.44,260.4,286.76,307.56,330.17,349.43,361.68,388.85,418.81,436.54,453.51,471.47,473.72,468.63,493.91,522.46,515.34,515.7,514.71,490.47,487.96,507.52,500.13,478.38,471.47,444.74,413.74,406.69,409.64,375.53,353.55,332.74,293.22,270.22,263.94,242.94,212.69,193.41,166.72,140.86,128.12,116.63,97.19,82.52,70.19,56.43,49.31,46.79,43.36,40.96
41.76,41.88,43.31,50.42,60.96,69.37,82.52,97.75,108.97,123.56,150.73,171.01,190.43,216.85,234.66,243.71,276.29,313.53,328.89,354.24,379.18,381.15,391.32,439.92,454.39,465.13,485.84,485.81,464.74,493.87,524.29,512.71,514.71,517.33,487.96,467.66,501.08,485.84,463.31,459.65,428.1,384.05,388.85,386.47,350.8,332.1,310.54,269.12,245.73,241.56,217.68,189.32,173.33,146.38,121.79,110.72,100.75,81.24,70.59,60.27,48.11,43.76,43.61,41.52
41.04,43.2,45.81,51.93,60.03,66.51,78.85,97.75,114.22,129.38,151.31,167.38,180.76,209.78,243.4,259.89,284.01,309.95,316.04,337.76,378.45,405.02,413.96,439.92,446.5,445.18,464.39,505.86,498.77,505.7,518.32,496.72,482.72,515.34,517.53,496.82,496.31,478.38,437.93,437.72,445.83,415.58,394.24,380.64,341.88,308.98,311.14,288.97,257.87,238.8,214.35,177.04,165.73,152.77,131.15,111.37,98.69,79.17,65.7,60.96,52.33,45.27,43.86,40.08
40.72,42.13,45.81,51.52,59.11,68.55,81.08,96.44,112.03,129.64,149.28,167.38,186.72,211.86,236.5,257.87,283.45,306.96,324.39,346,374.08,395.78,412.35,435.7,449.13,456.06,470.92,491.54,498.77,502.75,513.35,508.71,499.71,505.39,508.66,497.8,490.59,481.18,459.69,438.6,429.79,418.01,393.47,376.26,353.55,323.75,298,282.9,261.41,235.58,215.18,190.43,165.4,145.5,130.65,113.13,96.44,82.52,69.1,57.71,50.72,46.08,42.38,41.2
41.12,43.36,45.36,52.13,60.03,66.24,78.05,99.25,114,129.89,153.06,166.72,179.65,206.88,246.63,256.86,284.56,312.33,317.97,328.84,379.91,408.1,410.73,441.61,454.39,427.95,472.78,502.99,506.55,501.76,527.28,495.72,478.73,521.31,521.48,494.88,503.95,476.51,417.07,458.78,440.76,409.11,406.56,385.74,328.15,318.61,321.89,269.67,273.04,248.01,201.89,172.21,179.27,142.31,130.4,118.38,95.87,77.09,68.42,61.2,49.11,49.28,43.28,39.84
42.48,40.9,45.54,53.33,59.57,68.55,78.85,99.81,107.44,131.66,150.73,168.04,184.11,210.2,244.32,251.8,290.62,311.14,330.82,337.76,376.99,408.1,409.11,450.05,456.15,466.94,455.07,490.59,506.55,490.92,521.31,514.71,511.71,486.49,507.67,508.49,479.13,489.57,469.66,453.51,417.97,417.2,405.79,368.24,360.41,334.03,310.54,276.84,256.35,241.1,208.54,191.92,170.35,149.28,127.1,108.09,96.81,80.13,69.51,59.8,51.52,45.1,40.4,40.96
40.64,43.12,45.99,51.83,59.92,67.74,78.53,97.56,114.22,129.89,151.02,168.04,180.76,210.2,242.48,260.9,284.56,308.75,320.54,333.64,379.91,404.25,413.96,439.08,449.13,435.21,469.05,503.95,502.66,507.67,517.33,498.71,480.72,519.32,519.5,498.77,496.31,480.24,435.21,434.22,444.99,421.24,394.24,381.37,343.94,308.33,308.75,291.18,260.9,238.34,214.35,177.04,164.41,153.93,132.17,111.81,98.69,79.65,64.74,60.62,53.23,45.9,42.87,41.2
40.56,41.8,45.27,51.02,59.11,69.23,81.4,95.5,111.37,128.88,147.83,167.38,188.95,210.61,233.28,255.85,279.59,302.18,325.68,348.06,370.43,390.39,410.73,429.79,446.5,461.5,474.65,484.86,494.88,501.76,506.38,508.71,509.71,506.38,501.76,494.88,485.81,475.58,461.5,446.5,429.79,411.54,391.93,371.16,349.43,326.32,303.38,280.7,257.36,233.74,211.45,188.95,168.04,147.83,128.88,111.59,95.5,81.4,69.23,59.22,51.22,45.45,42.05,40.88
40.72,42.71,45.99,51.62,59.69,68.01,79.49,96.81,114,130.14,149.57,167.38,184.11,210.2,240.64,260.4,283.45,306.96,317.97,341.19,378.45,401.17,415.58,436.54,443.87,445.18,473.72,500.13,503.63,506.69,511.36,487.72,499.71,518.32,514.57,499.74,494.4,468.12,439.74,451.76,443.3,418.01,397.32,374.08,333.64,319.9,312.93,287.87,258.88,238.8,207.71,179.65,170.35,152.77,130.4,113.34,96.25,78.05,67.6,61.31,52.13,45.81,42.62,39.68
39.92,42.79,45.81,51.42,60.38,68.96,78.21,95.69,114.44,129.64,149.57,171.01,185.23,203.97,239.72,263.43,280.7,310.54,329.53,333.64,366.78,404.25,416.39,431.48,457.9,456.06,453.2,491.54,511.41,503.73,514.34,516.7,487.72,491.46,520.49,502.66,485.81,490.5,459.69,423.69,428.1,430.13,390.39,376.99,359.04,315.4,288.45,290.07,264.44,233.74,218.51,191.18,156.82,146.09,134.45,112.47,95.69,84.76,67.87,55.39,52.03,47.23,41.39,41.76
40.72,41.88,45.36,51.12,59.22,69.37,81.72,95.87,112.03,129.64,148.7,169.03,190.81,213.11,236.04,259.39,282.9,306.36,328.89,351.49,373.35,394.24,413.96,433.16,450.01,465.13,478.38,489.63,498.77,506.69,512.35,514.71,515.7,513.35,509.65,502.66,493.45,482.11,468.75,453.51,435.7,416.39,396.55,374.8,352.86,330.17,307.56,283.45,259.39,236.04,212.69,190.43,169.36,148.99,129.89,112.03,95.87,81.88,69.64,59.69,51.52,45.63,41.8,40.56
40,42.21,46.08,51.52,60.27,69.51,79.49,94.19,113.13,130.4,149.57,171.34,187.83,205.63,234.2,262.42,281.8,309.95,330.82,340.51,361.68,398.86,418.01,434.01,456.15,458.78,457.86,483.9,507.52,503.73,515.34,518.7,496.72,488.48,511.62,505.57,488.68,486.77,462.41,424.57,426.41,422.86,394.24,374.8,361.1,321.82,289.64,284.01,265.45,233.74,217.26,192.67,160.45,143.18,133.69,112.69,96.06,84.6,68.55,56.2,51.12,47.32,41.72,41.6
40.48,42.62,45.81,51.42,59.8,68.96,79.49,95.69,113.56,129.89,149.28,169.36,186.34,206.88,237.42,262.42,282.35,308.15,327.6,339.82,366.78,400.4,418.01,432.32,452.64,458.78,461.59,485.81,506.55,507.67,511.36,513.71,499.71,492.46,509.65,505.57,491.54,480.24,463.31,431.58,424.72,421.24,399.63,374.08,353.55,323.75,293.82,280.7,264.44,237.42,213.94,190.81,163.75,143.47,131.66,114.22,96.62,82.36,69.1,57.25,50.52,46.79,42.71,41.2
40.72,41.8,45.54,51.52,59.8,69.64,81.24,94.56,110.94,130.65,151.02,169.36,188.58,208.54,231.9,261.41,285.66,308.15,330.82,348.06,364.6,391.16,419.62,437.39,451.76,465.13,469.99,475.31,498.77,512.6,513.35,515.7,510.71,496.44,495.85,502.66,496.31,480.24,467.85,444.74,421.34,409.11,401.17,377.72,354.24,329.53,299.79,272.98,259.39,239.26,214.35,191.92,168.7,143.76,127.1,113.34,97.56,82.52,70.19,58.76,49.72,45.1,42.95,41.36
40,42.54,46.34,51.62,59.92,69.23,79.17,94.75,114,131.15,149.57,170.35,187.83,206.46,235.12,263.94,284.01,308.75,330.17,342.57,363.87,398.86,420.43,434.85,453.51,461.5,460.66,482.95,505.57,511.62,512.35,515.7,505.71,493.45,500.77,508.49,493.45,482.11,466.94,440.36,418.81,415.58,401.17,376.26,355.61,328.25,297.4,275.18,261.91,239.72,213.94,192.67,167.38,143.47,127.61,114,97.19,82.68,70.19,58.64,49.82,45.18,42.95,41.36
40.56,40.73,45.27,52.03,59.69,69.78,81.88,94.19,108.75,130.14,150.44,169.03,191.18,212.28,228.68,252.81,286.21,308.75,329.53,354.24,370.43,381.15,409.92,440.76,452.64,466.94,480.24,479.13,483.21,506.69,519.32,515.7,515.7,509.37,488.94,488.07,495.36,485.84,465.13,453.51,427.25,400.22,390.39,381.37,354.92,331.46,307.56,274.63,250.79,238.8,216.01,191.55,171.01,147.83,123.81,110.06,97.94,82.52,70.05,60.15,50.22,43.76,42.13,41.92
39.12,42.21,46.79,51.72,60.27,70.46,78.69,93.43,113.78,132.17,148.7,172,190.06,203.97,231.9,266.97,284.56,306.96,334.67,343.94,356.57,397.32,423.67,432.32,457.02,468.75,451.34,480.09,511.41,512.6,509.37,524.7,505.71,484.5,506.69,512.38,486.77,485.84,471.47,425.44,418.81,426.9,397.32,374.08,362.47,317.97,294.42,296.69,249.78,245.24,222.25,183,154.18,157.12,125.08,112.91,101.13,81.72,66.1,58.52,52.73,44.03,45.26,41.68
40.56,42.05,45.99,51.93,59.45,68.69,79.81,95.69,114,131.15,149.57,168.7,186.34,207.71,238.34,262.92,284.01,308.15,327.6,339.82,367.51,401.94,419.62,434.85,452.64,456.97,459.73,488.68,508.49,509.65,512.35,512.71,497.72,494.45,512.6,509.46,490.59,483.04,463.31,431.58,423.88,423.67,401.17,376.26,353.55,324.39,292.63,282.9,265.45,238.8,214.77,191.55,163.75,143.47,131.66,114.88,96.44,83.16,69.51,57.02,50.22,47.14,42.79,41.28
42.24,41.72,46.34,52.03,55.62,67.74,85.08,97.37,111.59,132.93,146.96,158.47,192.67,219.75,235.58,260.4,288.97,292.03,314.11,361.79,382.1,391.16,424.47,432.32,424.57,457.87,500.76,488.68,499.74,518.52,491.46,487.72,522.7,525.29,499.79,508.49,490.59,454.13,452.43,467.55,429.79,413.96,403.48,363.87,329.52,335.31,312.93,280.15,262.92,237.42,199.4,186.72,174.65,149.57,129.38,114.88,94,77.09,70.87,61.2,51.02,46.25,42.71,38.56
41.52,40.57,45.01,52.83,57.25,71.55,83.96,94.37,102.18,134.45,146.96,167.05,201.97,213.52,226.84,256.86,286.21,294.42,352.01,353.55,366.78,376.53,435.79,414.59,456.15,475.1,469.05,450.5,504.6,498.8,506.38,540.69,508.71,491.46,504.72,502.66,467.68,506.36,469.66,442.11,408.68,435.79,381.15,379.91,356.98,324.39,285.46,284.56,255.85,231.44,227.65,191.92,165.73,145.21,135.46,107.44,98.88,82.2,68.55,55.04,52.33,44.56,41.8,43.36
41.28,41.97,45.9,51.83,58.87,68.15,81.88,97.19,112.25,130.14,147.83,164.74,190.06,216.01,235.12,259.89,285.11,302.18,321.18,354.24,377.72,391.93,417.2,434.85,435.97,457.87,486.77,489.63,497.8,511.62,505.39,495.72,512.71,519.32,502.75,501.69,493.45,464.39,451.53,459.65,435.7,413.15,401.17,373.35,335.7,326.96,312.33,282.35,259.39,240.18,208.95,183.74,171.01,151.6,128.62,113.78,97,79.01,68.01,61.2,51.72,45.45,43.12,40.64
39.92,43.94,46.34,48.71,59.11,70.87,79.33,100.38,114.88,127.1,136.21,175.97,188.2,209.78,250.31,259.89,274.08,299.79,339.81,335.01,384.28,403.48,406.69,402.77,453.51,464.22,471.85,520.17,500.71,494.86,493.45,534.69,490.72,521.31,515.56,492.94,460.04,478.38,464.22,441.23,461.87,418.81,389.62,355.12,370.03,321.82,309.95,291.18,257.36,226.84,213.52,193.41,163.42,155.67,132.17,111.81,88.37,84.28,68.69,59.45,54.74,46.43,41.72,39.68
42,40.98,46.25,53.23,58.64,65.42,82.2,97.37,108.75,137.99,151.02,166.06,178.16,223.08,230.06,257.87,297.79,305.77,319.25,347.37,386.47,375.76,429.33,439.92,442.11,429.77,481.18,488.68,490.99,536.26,514.34,506.71,478.73,538.22,493.87,503.63,510.63,476.51,449.71,445.62,450.05,394.56,405.79,378.45,349.43,307.69,308.15,282.9,249.27,246.17,214.35,190.06,153.19,153.35,126.85,111.37,100.75,83.16,69.37,56.43,53.93,44.65,42.79,42.96
41.12,40.73,48.39,51.93,59.69,62.43,84.76,93.62,112.03,136.98,149.86,167.38,181.14,224.32,228.68,266.46,291.18,307.56,319.9,348.74,390.85,381.92,429.33,439.08,450.88,442.46,484.91,500.13,484.18,526.4,511.36,510.71,475.73,514.34,501.76,482.24,503.95,476.51,462.41,413.16,440.76,405.88,385,383.56,350.8,327.6,282.47,288.97,255.34,231.9,219.75,191.92,170.02,139.7,132.67,111.37,94.19,83.8,69.64,59.57,48.41,46.16,42.13,39.84
40.8,41.97,45.45,51.32,59.34,69.51,81.88,96.06,112.03,129.38,148.7,168.37,190.06,211.86,235.58,257.87,281.8,305.17,328.25,350.8,372.62,393.47,413.15,431.48,449.13,463.31,476.51,487.72,495.85,502.75,507.38,508.71,509.71,508.37,503.73,495.85,487.72,476.51,463.31,447.37,430.63,412.35,392.7,371.89,350.12,328.25,304.57,281.8,257.87,234.66,211.86,190.06,168.7,148.41,129.38,111.59,95.87,81.56,69.64,59.22,51.22,45.45,41.88,40.72
